combination_rank,total_price,total_similarity,budget_remaining,furniture_type,catalog_number,similarity_score,item_rank,price
1,6780.0,4.423385859,3220.0,rug,ID-RUG-007,0.845764041,1,2840.0
1,6780.0,4.423385859,3220.0,lamp,ID-LIG-020,0.909713864,1,640.0
1,6780.0,4.423385859,3220.0,chair,ID-CHA-010,0.908889771,1,820.0
1,6780.0,4.423385859,3220.0,sofa,ID-SOF-025,0.932037473,1,1445.0
1,6780.0,4.423385859,3220.0,table,ID-NIG-001,0.82698071,1,1035.0
2,6780.0,4.423385859,3220.0,rug,ID-RUG-007,0.845764041,1,2840.0
2,6780.0,4.423385859,3220.0,lamp,ID-LIG-020,0.909713864,1,640.0
2,6780.0,4.423385859,3220.0,chair,ID-CHA-010,0.908889771,1,820.0
2,6780.0,4.423385859,3220.0,sofa,ID-SOF-025,0.932037473,1,1445.0
2,6780.0,4.423385859,3220.0,table,ID-TAB-008,0.82698071,2,1035.0
3,7555.0,4.423340088,2445.0,rug,ID-RUG-007,0.845764041,1,2840.0
3,7555.0,4.423340088,2445.0,lamp,ID-LIG-020,0.909713864,1,640.0
3,7555.0,4.423340088,2445.0,chair,ID-CHA-031,0.908844,2,1595.0
3,7555.0,4.423340088,2445.0,sofa,ID-SOF-025,0.932037473,1,1445.0
3,7555.0,4.423340088,2445.0,table,ID-NIG-001,0.82698071,1,1035.0
4,7555.0,4.423340088,2445.0,rug,ID-RUG-007,0.845764041,1,2840.0
4,7555.0,4.423340088,2445.0,lamp,ID-LIG-020,0.909713864,1,640.0
4,7555.0,4.423340088,2445.0,chair,ID-CHA-031,0.908844,2,1595.0
4,7555.0,4.423340088,2445.0,sofa,ID-SOF-025,0.932037473,1,1445.0
4,7555.0,4.423340088,2445.0,table,ID-TAB-008,0.82698071,2,1035.0
5,4665.0,4.421005428,5335.0,rug,ID-RUG-029,0.84338361,2,725.0
5,4665.0,4.421005428,5335.0,lamp,ID-LIG-020,0.909713864,1,640.0
5,4665.0,4.421005428,5335.0,chair,ID-CHA-010,0.908889771,1,820.0
5,4665.0,4.421005428,5335.0,sofa,ID-SOF-025,0.932037473,1,1445.0
5,4665.0,4.421005428,5335.0,table,ID-NIG-001,0.82698071,1,1035.0
6,4665.0,4.421005428,5335.0,rug,ID-RUG-029,0.84338361,2,725.0
6,4665.0,4.421005428,5335.0,lamp,ID-LIG-020,0.909713864,1,640.0
6,4665.0,4.421005428,5335.0,chair,ID-CHA-010,0.908889771,1,820.0
6,4665.0,4.421005428,5335.0,sofa,ID-SOF-025,0.932037473,1,1445.0
6,4665.0,4.421005428,5335.0,table,ID-TAB-008,0.82698071,2,1035.0
7,5440.0,4.420959656999999,4560.0,rug,ID-RUG-029,0.84338361,2,725.0
7,5440.0,4.420959656999999,4560.0,lamp,ID-LIG-020,0.909713864,1,640.0
7,5440.0,4.420959656999999,4560.0,chair,ID-CHA-031,0.908844,2,1595.0
7,5440.0,4.420959656999999,4560.0,sofa,ID-SOF-025,0.932037473,1,1445.0
7,5440.0,4.420959656999999,4560.0,table,ID-NIG-001,0.82698071,1,1035.0
8,5440.0,4.420959656999999,4560.0,rug,ID-RUG-029,0.84338361,2,725.0
8,5440.0,4.420959656999999,4560.0,lamp,ID-LIG-020,0.909713864,1,640.0
8,5440.0,4.420959656999999,4560.0,chair,ID-CHA-031,0.908844,2,1595.0
8,5440.0,4.420959656999999,4560.0,sofa,ID-SOF-025,0.932037473,1,1445.0
8,5440.0,4.420959656999999,4560.0,table,ID-TAB-008,0.82698071,2,1035.0
9,6430.0,4.419632257,3570.0,rug,ID-RUG-007,0.845764041,1,2840.0
9,6430.0,4.419632257,3570.0,lamp,ID-LIG-020,0.909713864,1,640.0
9,6430.0,4.419632257,3570.0,chair,ID-CHA-010,0.908889771,1,820.0
9,6430.0,4.419632257,3570.0,sofa,ID-SOF-025,0.932037473,1,1445.0
9,6430.0,4.419632257,3570.0,table,ID-TAB-007,0.823227108,3,685.0
10,7205.0,4.419586486,2795.0,rug,ID-RUG-007,0.845764041,1,2840.0
10,7205.0,4.419586486,2795.0,lamp,ID-LIG-020,0.909713864,1,640.0
10,7205.0,4.419586486,2795.0,chair,ID-CHA-031,0.908844,2,1595.0
10,7205.0,4.419586486,2795.0,sofa,ID-SOF-025,0.932037473,1,1445.0
10,7205.0,4.419586486,2795.0,table,ID-TAB-007,0.823227108,3,685.0
11,7830.0,4.419494808,2170.0,rug,ID-RUG-007,0.845764041,1,2840.0
11,7830.0,4.419494808,2170.0,lamp,ID-LIG-020,0.909713864,1,640.0
11,7830.0,4.419494808,2170.0,chair,ID-CHA-010,0.908889771,1,820.0
11,7830.0,4.419494808,2170.0,sofa,ID-SOF-014,0.928146422,2,2495.0
11,7830.0,4.419494808,2170.0,table,ID-NIG-001,0.82698071,1,1035.0
12,7830.0,4.419494808,2170.0,rug,ID-RUG-007,0.845764041,1,2840.0
12,7830.0,4.419494808,2170.0,lamp,ID-LIG-020,0.909713864,1,640.0
12,7830.0,4.419494808,2170.0,chair,ID-CHA-010,0.908889771,1,820.0
12,7830.0,4.419494808,2170.0,sofa,ID-SOF-014,0.928146422,2,2495.0
12,7830.0,4.419494808,2170.0,table,ID-TAB-008,0.82698071,2,1035.0
13,8605.0,4.419449037,1395.0,rug,ID-RUG-007,0.845764041,1,2840.0
13,8605.0,4.419449037,1395.0,lamp,ID-LIG-020,0.909713864,1,640.0
13,8605.0,4.419449037,1395.0,chair,ID-CHA-031,0.908844,2,1595.0
13,8605.0,4.419449037,1395.0,sofa,ID-SOF-014,0.928146422,2,2495.0
13,8605.0,4.419449037,1395.0,table,ID-NIG-001,0.82698071,1,1035.0
14,8605.0,4.419449037,1395.0,rug,ID-RUG-007,0.845764041,1,2840.0
14,8605.0,4.419449037,1395.0,lamp,ID-LIG-020,0.909713864,1,640.0
14,8605.0,4.419449037,1395.0,chair,ID-CHA-031,0.908844,2,1595.0
14,8605.0,4.419449037,1395.0,sofa,ID-SOF-014,0.928146422,2,2495.0
14,8605.0,4.419449037,1395.0,table,ID-TAB-008,0.82698071,2,1035.0
15,6980.0,4.419281185,3020.0,rug,ID-RUG-007,0.845764041,1,2840.0
15,6980.0,4.419281185,3020.0,lamp,ID-LIG-020,0.909713864,1,640.0
15,6980.0,4.419281185,3020.0,chair,ID-CHA-010,0.908889771,1,820.0
15,6980.0,4.419281185,3020.0,sofa,ID-SOF-026,0.927932799,3,1645.0
15,6980.0,4.419281185,3020.0,table,ID-NIG-001,0.82698071,1,1035.0
16,6980.0,4.419281185,3020.0,rug,ID-RUG-007,0.845764041,1,2840.0
16,6980.0,4.419281185,3020.0,lamp,ID-LIG-020,0.909713864,1,640.0
16,6980.0,4.419281185,3020.0,chair,ID-CHA-010,0.908889771,1,820.0
16,6980.0,4.419281185,3020.0,sofa,ID-SOF-026,0.927932799,3,1645.0
16,6980.0,4.419281185,3020.0,table,ID-TAB-008,0.82698071,2,1035.0
17,7755.0,4.419235414,2245.0,rug,ID-RUG-007,0.845764041,1,2840.0
17,7755.0,4.419235414,2245.0,lamp,ID-LIG-020,0.909713864,1,640.0
17,7755.0,4.419235414,2245.0,chair,ID-CHA-031,0.908844,2,1595.0
17,7755.0,4.419235414,2245.0,sofa,ID-SOF-026,0.927932799,3,1645.0
17,7755.0,4.419235414,2245.0,table,ID-NIG-001,0.82698071,1,1035.0
18,7755.0,4.419235414,2245.0,rug,ID-RUG-007,0.845764041,1,2840.0
18,7755.0,4.419235414,2245.0,lamp,ID-LIG-020,0.909713864,1,640.0
18,7755.0,4.419235414,2245.0,chair,ID-CHA-031,0.908844,2,1595.0
18,7755.0,4.419235414,2245.0,sofa,ID-SOF-026,0.927932799,3,1645.0
18,7755.0,4.419235414,2245.0,table,ID-TAB-008,0.82698071,2,1035.0
19,6620.0,4.418457269999999,3380.0,rug,ID-RUG-007,0.845764041,1,2840.0
19,6620.0,4.418457269999999,3380.0,lamp,ID-LIG-018,0.904785275,2,480.0
19,6620.0,4.418457269999999,3380.0,chair,ID-CHA-010,0.908889771,1,820.0
19,6620.0,4.418457269999999,3380.0,sofa,ID-SOF-025,0.932037473,1,1445.0
19,6620.0,4.418457269999999,3380.0,table,ID-NIG-001,0.82698071,1,1035.0
20,6620.0,4.418457269999999,3380.0,rug,ID-RUG-007,0.845764041,1,2840.0
20,6620.0,4.418457269999999,3380.0,lamp,ID-LIG-018,0.904785275,2,480.0
20,6620.0,4.418457269999999,3380.0,chair,ID-CHA-010,0.908889771,1,820.0
20,6620.0,4.418457269999999,3380.0,sofa,ID-SOF-025,0.932037473,1,1445.0
20,6620.0,4.418457269999999,3380.0,table,ID-TAB-008,0.82698071,2,1035.0
21,7395.0,4.418411498999999,2605.0,rug,ID-RUG-007,0.845764041,1,2840.0
21,7395.0,4.418411498999999,2605.0,lamp,ID-LIG-018,0.904785275,2,480.0
21,7395.0,4.418411498999999,2605.0,chair,ID-CHA-031,0.908844,2,1595.0
21,7395.0,4.418411498999999,2605.0,sofa,ID-SOF-025,0.932037473,1,1445.0
21,7395.0,4.418411498999999,2605.0,table,ID-NIG-001,0.82698071,1,1035.0
22,7395.0,4.418411498999999,2605.0,rug,ID-RUG-007,0.845764041,1,2840.0
22,7395.0,4.418411498999999,2605.0,lamp,ID-LIG-018,0.904785275,2,480.0
22,7395.0,4.418411498999999,2605.0,chair,ID-CHA-031,0.908844,2,1595.0
22,7395.0,4.418411498999999,2605.0,sofa,ID-SOF-025,0.932037473,1,1445.0
22,7395.0,4.418411498999999,2605.0,table,ID-TAB-008,0.82698071,2,1035.0
23,6765.0,4.41835034,3235.0,rug,ID-RUG-007,0.845764041,1,2840.0
23,6765.0,4.41835034,3235.0,lamp,ID-LIG-013,0.904678345,3,625.0
23,6765.0,4.41835034,3235.0,chair,ID-CHA-010,0.908889771,1,820.0
23,6765.0,4.41835034,3235.0,sofa,ID-SOF-025,0.932037473,1,1445.0
23,6765.0,4.41835034,3235.0,table,ID-NIG-001,0.82698071,1,1035.0
24,6765.0,4.41835034,3235.0,rug,ID-RUG-007,0.845764041,1,2840.0
24,6765.0,4.41835034,3235.0,lamp,ID-LIG-013,0.904678345,3,625.0
24,6765.0,4.41835034,3235.0,chair,ID-CHA-010,0.908889771,1,820.0
24,6765.0,4.41835034,3235.0,sofa,ID-SOF-025,0.932037473,1,1445.0
24,6765.0,4.41835034,3235.0,table,ID-TAB-008,0.82698071,2,1035.0
25,7540.0,4.418304569,2460.0,rug,ID-RUG-007,0.845764041,1,2840.0
25,7540.0,4.418304569,2460.0,lamp,ID-LIG-013,0.904678345,3,625.0
25,7540.0,4.418304569,2460.0,chair,ID-CHA-031,0.908844,2,1595.0
25,7540.0,4.418304569,2460.0,sofa,ID-SOF-025,0.932037473,1,1445.0
25,7540.0,4.418304569,2460.0,table,ID-NIG-001,0.82698071,1,1035.0
26,7540.0,4.418304569,2460.0,rug,ID-RUG-007,0.845764041,1,2840.0
26,7540.0,4.418304569,2460.0,lamp,ID-LIG-013,0.904678345,3,625.0
26,7540.0,4.418304569,2460.0,chair,ID-CHA-031,0.908844,2,1595.0
26,7540.0,4.418304569,2460.0,sofa,ID-SOF-025,0.932037473,1,1445.0
26,7540.0,4.418304569,2460.0,table,ID-TAB-008,0.82698071,2,1035.0
27,6880.0,4.417343378,3120.0,rug,ID-RUG-007,0.845764041,1,2840.0
27,6880.0,4.417343378,3120.0,lamp,ID-LIG-020,0.909713864,1,640.0
27,6880.0,4.417343378,3120.0,chair,ID-CHA-007,0.90284729,3,920.0
27,6880.0,4.417343378,3120.0,sofa,ID-SOF-025,0.932037473,1,1445.0
27,6880.0,4.417343378,3120.0,table,ID-NIG-001,0.82698071,1,1035.0
28,6880.0,4.417343378,3120.0,rug,ID-RUG-007,0.845764041,1,2840.0
28,6880.0,4.417343378,3120.0,lamp,ID-LIG-020,0.909713864,1,640.0
28,6880.0,4.417343378,3120.0,chair,ID-CHA-007,0.90284729,3,920.0
28,6880.0,4.417343378,3120.0,sofa,ID-SOF-025,0.932037473,1,1445.0
28,6880.0,4.417343378,3120.0,table,ID-TAB-008,0.82698071,2,1035.0
29,4315.0,4.417251826,5685.0,rug,ID-RUG-029,0.84338361,2,725.0
29,4315.0,4.417251826,5685.0,lamp,ID-LIG-020,0.909713864,1,640.0
29,4315.0,4.417251826,5685.0,chair,ID-CHA-010,0.908889771,1,820.0
29,4315.0,4.417251826,5685.0,sofa,ID-SOF-025,0.932037473,1,1445.0
29,4315.0,4.417251826,5685.0,table,ID-TAB-007,0.823227108,3,685.0
30,5090.0,4.417206054999999,4910.0,rug,ID-RUG-029,0.84338361,2,725.0
30,5090.0,4.417206054999999,4910.0,lamp,ID-LIG-020,0.909713864,1,640.0
30,5090.0,4.417206054999999,4910.0,chair,ID-CHA-031,0.908844,2,1595.0
30,5090.0,4.417206054999999,4910.0,sofa,ID-SOF-025,0.932037473,1,1445.0
30,5090.0,4.417206054999999,4910.0,table,ID-TAB-007,0.823227108,3,685.0
31,5715.0,4.417114377,4285.0,rug,ID-RUG-029,0.84338361,2,725.0
31,5715.0,4.417114377,4285.0,lamp,ID-LIG-020,0.909713864,1,640.0
31,5715.0,4.417114377,4285.0,chair,ID-CHA-010,0.908889771,1,820.0
31,5715.0,4.417114377,4285.0,sofa,ID-SOF-014,0.928146422,2,2495.0
31,5715.0,4.417114377,4285.0,table,ID-NIG-001,0.82698071,1,1035.0
32,5715.0,4.417114377,4285.0,rug,ID-RUG-029,0.84338361,2,725.0
32,5715.0,4.417114377,4285.0,lamp,ID-LIG-020,0.909713864,1,640.0
32,5715.0,4.417114377,4285.0,chair,ID-CHA-010,0.908889771,1,820.0
32,5715.0,4.417114377,4285.0,sofa,ID-SOF-014,0.928146422,2,2495.0
32,5715.0,4.417114377,4285.0,table,ID-TAB-008,0.82698071,2,1035.0
33,6490.0,4.417068606,3510.0,rug,ID-RUG-029,0.84338361,2,725.0
33,6490.0,4.417068606,3510.0,lamp,ID-LIG-020,0.909713864,1,640.0
33,6490.0,4.417068606,3510.0,chair,ID-CHA-031,0.908844,2,1595.0
33,6490.0,4.417068606,3510.0,sofa,ID-SOF-014,0.928146422,2,2495.0
33,6490.0,4.417068606,3510.0,table,ID-NIG-001,0.82698071,1,1035.0
34,6490.0,4.417068606,3510.0,rug,ID-RUG-029,0.84338361,2,725.0
34,6490.0,4.417068606,3510.0,lamp,ID-LIG-020,0.909713864,1,640.0
34,6490.0,4.417068606,3510.0,chair,ID-CHA-031,0.908844,2,1595.0
34,6490.0,4.417068606,3510.0,sofa,ID-SOF-014,0.928146422,2,2495.0
34,6490.0,4.417068606,3510.0,table,ID-TAB-008,0.82698071,2,1035.0
35,4865.0,4.416900754,5135.0,rug,ID-RUG-029,0.84338361,2,725.0
35,4865.0,4.416900754,5135.0,lamp,ID-LIG-020,0.909713864,1,640.0
35,4865.0,4.416900754,5135.0,chair,ID-CHA-010,0.908889771,1,820.0
35,4865.0,4.416900754,5135.0,sofa,ID-SOF-026,0.927932799,3,1645.0
35,4865.0,4.416900754,5135.0,table,ID-NIG-001,0.82698071,1,1035.0
36,4865.0,4.416900754,5135.0,rug,ID-RUG-029,0.84338361,2,725.0
36,4865.0,4.416900754,5135.0,lamp,ID-LIG-020,0.909713864,1,640.0
36,4865.0,4.416900754,5135.0,chair,ID-CHA-010,0.908889771,1,820.0
36,4865.0,4.416900754,5135.0,sofa,ID-SOF-026,0.927932799,3,1645.0
36,4865.0,4.416900754,5135.0,table,ID-TAB-008,0.82698071,2,1035.0
37,5640.0,4.416854983,4360.0,rug,ID-RUG-029,0.84338361,2,725.0
37,5640.0,4.416854983,4360.0,lamp,ID-LIG-020,0.909713864,1,640.0
37,5640.0,4.416854983,4360.0,chair,ID-CHA-031,0.908844,2,1595.0
37,5640.0,4.416854983,4360.0,sofa,ID-SOF-026,0.927932799,3,1645.0
37,5640.0,4.416854983,4360.0,table,ID-NIG-001,0.82698071,1,1035.0
38,5640.0,4.416854983,4360.0,rug,ID-RUG-029,0.84338361,2,725.0
38,5640.0,4.416854983,4360.0,lamp,ID-LIG-020,0.909713864,1,640.0
38,5640.0,4.416854983,4360.0,chair,ID-CHA-031,0.908844,2,1595.0
38,5640.0,4.416854983,4360.0,sofa,ID-SOF-026,0.927932799,3,1645.0
38,5640.0,4.416854983,4360.0,table,ID-TAB-008,0.82698071,2,1035.0
39,4505.0,4.4160768390000005,5495.0,rug,ID-RUG-029,0.84338361,2,725.0
39,4505.0,4.4160768390000005,5495.0,lamp,ID-LIG-018,0.904785275,2,480.0
39,4505.0,4.4160768390000005,5495.0,chair,ID-CHA-010,0.908889771,1,820.0
39,4505.0,4.4160768390000005,5495.0,sofa,ID-SOF-025,0.932037473,1,1445.0
39,4505.0,4.4160768390000005,5495.0,table,ID-NIG-001,0.82698071,1,1035.0
40,4505.0,4.4160768390000005,5495.0,rug,ID-RUG-029,0.84338361,2,725.0
40,4505.0,4.4160768390000005,5495.0,lamp,ID-LIG-018,0.904785275,2,480.0
40,4505.0,4.4160768390000005,5495.0,chair,ID-CHA-010,0.908889771,1,820.0
40,4505.0,4.4160768390000005,5495.0,sofa,ID-SOF-025,0.932037473,1,1445.0
40,4505.0,4.4160768390000005,5495.0,table,ID-TAB-008,0.82698071,2,1035.0
41,5280.0,4.416031068000001,4720.0,rug,ID-RUG-029,0.84338361,2,725.0
41,5280.0,4.416031068000001,4720.0,lamp,ID-LIG-018,0.904785275,2,480.0
41,5280.0,4.416031068000001,4720.0,chair,ID-CHA-031,0.908844,2,1595.0
41,5280.0,4.416031068000001,4720.0,sofa,ID-SOF-025,0.932037473,1,1445.0
41,5280.0,4.416031068000001,4720.0,table,ID-NIG-001,0.82698071,1,1035.0
42,5280.0,4.416031068000001,4720.0,rug,ID-RUG-029,0.84338361,2,725.0
42,5280.0,4.416031068000001,4720.0,lamp,ID-LIG-018,0.904785275,2,480.0
42,5280.0,4.416031068000001,4720.0,chair,ID-CHA-031,0.908844,2,1595.0
42,5280.0,4.416031068000001,4720.0,sofa,ID-SOF-025,0.932037473,1,1445.0
42,5280.0,4.416031068000001,4720.0,table,ID-TAB-008,0.82698071,2,1035.0
43,4650.0,4.415969908999999,5350.0,rug,ID-RUG-029,0.84338361,2,725.0
43,4650.0,4.415969908999999,5350.0,lamp,ID-LIG-013,0.904678345,3,625.0
43,4650.0,4.415969908999999,5350.0,chair,ID-CHA-010,0.908889771,1,820.0
43,4650.0,4.415969908999999,5350.0,sofa,ID-SOF-025,0.932037473,1,1445.0
43,4650.0,4.415969908999999,5350.0,table,ID-NIG-001,0.82698071,1,1035.0
44,4650.0,4.415969908999999,5350.0,rug,ID-RUG-029,0.84338361,2,725.0
44,4650.0,4.415969908999999,5350.0,lamp,ID-LIG-013,0.904678345,3,625.0
44,4650.0,4.415969908999999,5350.0,chair,ID-CHA-010,0.908889771,1,820.0
44,4650.0,4.415969908999999,5350.0,sofa,ID-SOF-025,0.932037473,1,1445.0
44,4650.0,4.415969908999999,5350.0,table,ID-TAB-008,0.82698071,2,1035.0
45,5425.0,4.415924137999999,4575.0,rug,ID-RUG-029,0.84338361,2,725.0
45,5425.0,4.415924137999999,4575.0,lamp,ID-LIG-013,0.904678345,3,625.0
45,5425.0,4.415924137999999,4575.0,chair,ID-CHA-031,0.908844,2,1595.0
45,5425.0,4.415924137999999,4575.0,sofa,ID-SOF-025,0.932037473,1,1445.0
45,5425.0,4.415924137999999,4575.0,table,ID-NIG-001,0.82698071,1,1035.0
46,5425.0,4.415924137999999,4575.0,rug,ID-RUG-029,0.84338361,2,725.0
46,5425.0,4.415924137999999,4575.0,lamp,ID-LIG-013,0.904678345,3,625.0
46,5425.0,4.415924137999999,4575.0,chair,ID-CHA-031,0.908844,2,1595.0
46,5425.0,4.415924137999999,4575.0,sofa,ID-SOF-025,0.932037473,1,1445.0
46,5425.0,4.415924137999999,4575.0,table,ID-TAB-008,0.82698071,2,1035.0
47,7480.0,4.415741206,2520.0,rug,ID-RUG-007,0.845764041,1,2840.0
47,7480.0,4.415741206,2520.0,lamp,ID-LIG-020,0.909713864,1,640.0
47,7480.0,4.415741206,2520.0,chair,ID-CHA-010,0.908889771,1,820.0
47,7480.0,4.415741206,2520.0,sofa,ID-SOF-014,0.928146422,2,2495.0
47,7480.0,4.415741206,2520.0,table,ID-TAB-007,0.823227108,3,685.0
48,8255.0,4.415695435,1745.0,rug,ID-RUG-007,0.845764041,1,2840.0
48,8255.0,4.415695435,1745.0,lamp,ID-LIG-020,0.909713864,1,640.0
48,8255.0,4.415695435,1745.0,chair,ID-CHA-031,0.908844,2,1595.0
48,8255.0,4.415695435,1745.0,sofa,ID-SOF-014,0.928146422,2,2495.0
48,8255.0,4.415695435,1745.0,table,ID-TAB-007,0.823227108,3,685.0
49,6630.0,4.415527583,3370.0,rug,ID-RUG-007,0.845764041,1,2840.0
49,6630.0,4.415527583,3370.0,lamp,ID-LIG-020,0.909713864,1,640.0
49,6630.0,4.415527583,3370.0,chair,ID-CHA-010,0.908889771,1,820.0
49,6630.0,4.415527583,3370.0,sofa,ID-SOF-026,0.927932799,3,1645.0
49,6630.0,4.415527583,3370.0,table,ID-TAB-007,0.823227108,3,685.0
50,7405.0,4.415481812,2595.0,rug,ID-RUG-007,0.845764041,1,2840.0
50,7405.0,4.415481812,2595.0,lamp,ID-LIG-020,0.909713864,1,640.0
50,7405.0,4.415481812,2595.0,chair,ID-CHA-031,0.908844,2,1595.0
50,7405.0,4.415481812,2595.0,sofa,ID-SOF-026,0.927932799,3,1645.0
50,7405.0,4.415481812,2595.0,table,ID-TAB-007,0.823227108,3,685.0
51,4765.0,4.414962946999999,5235.0,rug,ID-RUG-029,0.84338361,2,725.0
51,4765.0,4.414962946999999,5235.0,lamp,ID-LIG-020,0.909713864,1,640.0
51,4765.0,4.414962946999999,5235.0,chair,ID-CHA-007,0.90284729,3,920.0
51,4765.0,4.414962946999999,5235.0,sofa,ID-SOF-025,0.932037473,1,1445.0
51,4765.0,4.414962946999999,5235.0,table,ID-NIG-001,0.82698071,1,1035.0
52,4765.0,4.414962946999999,5235.0,rug,ID-RUG-029,0.84338361,2,725.0
52,4765.0,4.414962946999999,5235.0,lamp,ID-LIG-020,0.909713864,1,640.0
52,4765.0,4.414962946999999,5235.0,chair,ID-CHA-007,0.90284729,3,920.0
52,4765.0,4.414962946999999,5235.0,sofa,ID-SOF-025,0.932037473,1,1445.0
52,4765.0,4.414962946999999,5235.0,table,ID-TAB-008,0.82698071,2,1035.0
53,6270.0,4.414703668,3730.0,rug,ID-RUG-007,0.845764041,1,2840.0
53,6270.0,4.414703668,3730.0,lamp,ID-LIG-018,0.904785275,2,480.0
53,6270.0,4.414703668,3730.0,chair,ID-CHA-010,0.908889771,1,820.0
53,6270.0,4.414703668,3730.0,sofa,ID-SOF-025,0.932037473,1,1445.0
53,6270.0,4.414703668,3730.0,table,ID-TAB-007,0.823227108,3,685.0
54,7045.0,4.414657897,2955.0,rug,ID-RUG-007,0.845764041,1,2840.0
54,7045.0,4.414657897,2955.0,lamp,ID-LIG-018,0.904785275,2,480.0
54,7045.0,4.414657897,2955.0,chair,ID-CHA-031,0.908844,2,1595.0
54,7045.0,4.414657897,2955.0,sofa,ID-SOF-025,0.932037473,1,1445.0
54,7045.0,4.414657897,2955.0,table,ID-TAB-007,0.823227108,3,685.0
55,6415.0,4.414596738,3585.0,rug,ID-RUG-007,0.845764041,1,2840.0
55,6415.0,4.414596738,3585.0,lamp,ID-LIG-013,0.904678345,3,625.0
55,6415.0,4.414596738,3585.0,chair,ID-CHA-010,0.908889771,1,820.0
55,6415.0,4.414596738,3585.0,sofa,ID-SOF-025,0.932037473,1,1445.0
55,6415.0,4.414596738,3585.0,table,ID-TAB-007,0.823227108,3,685.0
56,7670.0,4.414566219,2330.0,rug,ID-RUG-007,0.845764041,1,2840.0
56,7670.0,4.414566219,2330.0,lamp,ID-LIG-018,0.904785275,2,480.0
56,7670.0,4.414566219,2330.0,chair,ID-CHA-010,0.908889771,1,820.0
56,7670.0,4.414566219,2330.0,sofa,ID-SOF-014,0.928146422,2,2495.0
56,7670.0,4.414566219,2330.0,table,ID-NIG-001,0.82698071,1,1035.0
57,7670.0,4.414566219,2330.0,rug,ID-RUG-007,0.845764041,1,2840.0
57,7670.0,4.414566219,2330.0,lamp,ID-LIG-018,0.904785275,2,480.0
57,7670.0,4.414566219,2330.0,chair,ID-CHA-010,0.908889771,1,820.0
57,7670.0,4.414566219,2330.0,sofa,ID-SOF-014,0.928146422,2,2495.0
57,7670.0,4.414566219,2330.0,table,ID-TAB-008,0.82698071,2,1035.0
58,7190.0,4.414550966999999,2810.0,rug,ID-RUG-007,0.845764041,1,2840.0
58,7190.0,4.414550966999999,2810.0,lamp,ID-LIG-013,0.904678345,3,625.0
58,7190.0,4.414550966999999,2810.0,chair,ID-CHA-031,0.908844,2,1595.0
58,7190.0,4.414550966999999,2810.0,sofa,ID-SOF-025,0.932037473,1,1445.0
58,7190.0,4.414550966999999,2810.0,table,ID-TAB-007,0.823227108,3,685.0
59,8445.0,4.414520448,1555.0,rug,ID-RUG-007,0.845764041,1,2840.0
59,8445.0,4.414520448,1555.0,lamp,ID-LIG-018,0.904785275,2,480.0
59,8445.0,4.414520448,1555.0,chair,ID-CHA-031,0.908844,2,1595.0
59,8445.0,4.414520448,1555.0,sofa,ID-SOF-014,0.928146422,2,2495.0
59,8445.0,4.414520448,1555.0,table,ID-NIG-001,0.82698071,1,1035.0
60,8445.0,4.414520448,1555.0,rug,ID-RUG-007,0.845764041,1,2840.0
60,8445.0,4.414520448,1555.0,lamp,ID-LIG-018,0.904785275,2,480.0
60,8445.0,4.414520448,1555.0,chair,ID-CHA-031,0.908844,2,1595.0
60,8445.0,4.414520448,1555.0,sofa,ID-SOF-014,0.928146422,2,2495.0
60,8445.0,4.414520448,1555.0,table,ID-TAB-008,0.82698071,2,1035.0
61,7815.0,4.414459289,2185.0,rug,ID-RUG-007,0.845764041,1,2840.0
61,7815.0,4.414459289,2185.0,lamp,ID-LIG-013,0.904678345,3,625.0
61,7815.0,4.414459289,2185.0,chair,ID-CHA-010,0.908889771,1,820.0
61,7815.0,4.414459289,2185.0,sofa,ID-SOF-014,0.928146422,2,2495.0
61,7815.0,4.414459289,2185.0,table,ID-NIG-001,0.82698071,1,1035.0
62,7815.0,4.414459289,2185.0,rug,ID-RUG-007,0.845764041,1,2840.0
62,7815.0,4.414459289,2185.0,lamp,ID-LIG-013,0.904678345,3,625.0
62,7815.0,4.414459289,2185.0,chair,ID-CHA-010,0.908889771,1,820.0
62,7815.0,4.414459289,2185.0,sofa,ID-SOF-014,0.928146422,2,2495.0
62,7815.0,4.414459289,2185.0,table,ID-TAB-008,0.82698071,2,1035.0
63,4660.0,4.414444328,5340.0,rug,ID-RUG-016,0.83682251,3,720.0
63,4660.0,4.414444328,5340.0,lamp,ID-LIG-020,0.909713864,1,640.0
63,4660.0,4.414444328,5340.0,chair,ID-CHA-010,0.908889771,1,820.0
63,4660.0,4.414444328,5340.0,sofa,ID-SOF-025,0.932037473,1,1445.0
63,4660.0,4.414444328,5340.0,table,ID-NIG-001,0.82698071,1,1035.0
64,4660.0,4.414444328,5340.0,rug,ID-RUG-016,0.83682251,3,720.0
64,4660.0,4.414444328,5340.0,lamp,ID-LIG-020,0.909713864,1,640.0
64,4660.0,4.414444328,5340.0,chair,ID-CHA-010,0.908889771,1,820.0
64,4660.0,4.414444328,5340.0,sofa,ID-SOF-025,0.932037473,1,1445.0
64,4660.0,4.414444328,5340.0,table,ID-TAB-008,0.82698071,2,1035.0
65,8590.0,4.414413518,1410.0,rug,ID-RUG-007,0.845764041,1,2840.0
65,8590.0,4.414413518,1410.0,lamp,ID-LIG-013,0.904678345,3,625.0
65,8590.0,4.414413518,1410.0,chair,ID-CHA-031,0.908844,2,1595.0
65,8590.0,4.414413518,1410.0,sofa,ID-SOF-014,0.928146422,2,2495.0
65,8590.0,4.414413518,1410.0,table,ID-NIG-001,0.82698071,1,1035.0
66,8590.0,4.414413518,1410.0,rug,ID-RUG-007,0.845764041,1,2840.0
66,8590.0,4.414413518,1410.0,lamp,ID-LIG-013,0.904678345,3,625.0
66,8590.0,4.414413518,1410.0,chair,ID-CHA-031,0.908844,2,1595.0
66,8590.0,4.414413518,1410.0,sofa,ID-SOF-014,0.928146422,2,2495.0
66,8590.0,4.414413518,1410.0,table,ID-TAB-008,0.82698071,2,1035.0
67,5435.0,4.414398557,4565.0,rug,ID-RUG-016,0.83682251,3,720.0
67,5435.0,4.414398557,4565.0,lamp,ID-LIG-020,0.909713864,1,640.0
67,5435.0,4.414398557,4565.0,chair,ID-CHA-031,0.908844,2,1595.0
67,5435.0,4.414398557,4565.0,sofa,ID-SOF-025,0.932037473,1,1445.0
67,5435.0,4.414398557,4565.0,table,ID-NIG-001,0.82698071,1,1035.0
68,5435.0,4.414398557,4565.0,rug,ID-RUG-016,0.83682251,3,720.0
68,5435.0,4.414398557,4565.0,lamp,ID-LIG-020,0.909713864,1,640.0
68,5435.0,4.414398557,4565.0,chair,ID-CHA-031,0.908844,2,1595.0
68,5435.0,4.414398557,4565.0,sofa,ID-SOF-025,0.932037473,1,1445.0
68,5435.0,4.414398557,4565.0,table,ID-TAB-008,0.82698071,2,1035.0
69,6820.0,4.4143525960000005,3180.0,rug,ID-RUG-007,0.845764041,1,2840.0
69,6820.0,4.4143525960000005,3180.0,lamp,ID-LIG-018,0.904785275,2,480.0
69,6820.0,4.4143525960000005,3180.0,chair,ID-CHA-010,0.908889771,1,820.0
69,6820.0,4.4143525960000005,3180.0,sofa,ID-SOF-026,0.927932799,3,1645.0
69,6820.0,4.4143525960000005,3180.0,table,ID-NIG-001,0.82698071,1,1035.0
70,6820.0,4.4143525960000005,3180.0,rug,ID-RUG-007,0.845764041,1,2840.0
70,6820.0,4.4143525960000005,3180.0,lamp,ID-LIG-018,0.904785275,2,480.0
70,6820.0,4.4143525960000005,3180.0,chair,ID-CHA-010,0.908889771,1,820.0
70,6820.0,4.4143525960000005,3180.0,sofa,ID-SOF-026,0.927932799,3,1645.0
70,6820.0,4.4143525960000005,3180.0,table,ID-TAB-008,0.82698071,2,1035.0
71,7595.0,4.414306825000001,2405.0,rug,ID-RUG-007,0.845764041,1,2840.0
71,7595.0,4.414306825000001,2405.0,lamp,ID-LIG-018,0.904785275,2,480.0
71,7595.0,4.414306825000001,2405.0,chair,ID-CHA-031,0.908844,2,1595.0
71,7595.0,4.414306825000001,2405.0,sofa,ID-SOF-026,0.927932799,3,1645.0
71,7595.0,4.414306825000001,2405.0,table,ID-NIG-001,0.82698071,1,1035.0
72,7595.0,4.414306825000001,2405.0,rug,ID-RUG-007,0.845764041,1,2840.0
72,7595.0,4.414306825000001,2405.0,lamp,ID-LIG-018,0.904785275,2,480.0
72,7595.0,4.414306825000001,2405.0,chair,ID-CHA-031,0.908844,2,1595.0
72,7595.0,4.414306825000001,2405.0,sofa,ID-SOF-026,0.927932799,3,1645.0
72,7595.0,4.414306825000001,2405.0,table,ID-TAB-008,0.82698071,2,1035.0
73,6965.0,4.414245666,3035.0,rug,ID-RUG-007,0.845764041,1,2840.0
73,6965.0,4.414245666,3035.0,lamp,ID-LIG-013,0.904678345,3,625.0
73,6965.0,4.414245666,3035.0,chair,ID-CHA-010,0.908889771,1,820.0
73,6965.0,4.414245666,3035.0,sofa,ID-SOF-026,0.927932799,3,1645.0
73,6965.0,4.414245666,3035.0,table,ID-NIG-001,0.82698071,1,1035.0
74,6965.0,4.414245666,3035.0,rug,ID-RUG-007,0.845764041,1,2840.0
74,6965.0,4.414245666,3035.0,lamp,ID-LIG-013,0.904678345,3,625.0
74,6965.0,4.414245666,3035.0,chair,ID-CHA-010,0.908889771,1,820.0
74,6965.0,4.414245666,3035.0,sofa,ID-SOF-026,0.927932799,3,1645.0
74,6965.0,4.414245666,3035.0,table,ID-TAB-008,0.82698071,2,1035.0
75,7740.0,4.414199894999999,2260.0,rug,ID-RUG-007,0.845764041,1,2840.0
75,7740.0,4.414199894999999,2260.0,lamp,ID-LIG-013,0.904678345,3,625.0
75,7740.0,4.414199894999999,2260.0,chair,ID-CHA-031,0.908844,2,1595.0
75,7740.0,4.414199894999999,2260.0,sofa,ID-SOF-026,0.927932799,3,1645.0
75,7740.0,4.414199894999999,2260.0,table,ID-NIG-001,0.82698071,1,1035.0
76,7740.0,4.414199894999999,2260.0,rug,ID-RUG-007,0.845764041,1,2840.0
76,7740.0,4.414199894999999,2260.0,lamp,ID-LIG-013,0.904678345,3,625.0
76,7740.0,4.414199894999999,2260.0,chair,ID-CHA-031,0.908844,2,1595.0
76,7740.0,4.414199894999999,2260.0,sofa,ID-SOF-026,0.927932799,3,1645.0
76,7740.0,4.414199894999999,2260.0,table,ID-TAB-008,0.82698071,2,1035.0
77,6530.0,4.413589775999999,3470.0,rug,ID-RUG-007,0.845764041,1,2840.0
77,6530.0,4.413589775999999,3470.0,lamp,ID-LIG-020,0.909713864,1,640.0
77,6530.0,4.413589775999999,3470.0,chair,ID-CHA-007,0.90284729,3,920.0
77,6530.0,4.413589775999999,3470.0,sofa,ID-SOF-025,0.932037473,1,1445.0
77,6530.0,4.413589775999999,3470.0,table,ID-TAB-007,0.823227108,3,685.0
78,7930.0,4.413452327,2070.0,rug,ID-RUG-007,0.845764041,1,2840.0
78,7930.0,4.413452327,2070.0,lamp,ID-LIG-020,0.909713864,1,640.0
78,7930.0,4.413452327,2070.0,chair,ID-CHA-007,0.90284729,3,920.0
78,7930.0,4.413452327,2070.0,sofa,ID-SOF-014,0.928146422,2,2495.0
78,7930.0,4.413452327,2070.0,table,ID-NIG-001,0.82698071,1,1035.0
79,7930.0,4.413452327,2070.0,rug,ID-RUG-007,0.845764041,1,2840.0
79,7930.0,4.413452327,2070.0,lamp,ID-LIG-020,0.909713864,1,640.0
79,7930.0,4.413452327,2070.0,chair,ID-CHA-007,0.90284729,3,920.0
79,7930.0,4.413452327,2070.0,sofa,ID-SOF-014,0.928146422,2,2495.0
79,7930.0,4.413452327,2070.0,table,ID-TAB-008,0.82698071,2,1035.0
80,5365.0,4.413360775,4635.0,rug,ID-RUG-029,0.84338361,2,725.0
80,5365.0,4.413360775,4635.0,lamp,ID-LIG-020,0.909713864,1,640.0
80,5365.0,4.413360775,4635.0,chair,ID-CHA-010,0.908889771,1,820.0
80,5365.0,4.413360775,4635.0,sofa,ID-SOF-014,0.928146422,2,2495.0
80,5365.0,4.413360775,4635.0,table,ID-TAB-007,0.823227108,3,685.0
81,6140.0,4.413315004,3860.0,rug,ID-RUG-029,0.84338361,2,725.0
81,6140.0,4.413315004,3860.0,lamp,ID-LIG-020,0.909713864,1,640.0
81,6140.0,4.413315004,3860.0,chair,ID-CHA-031,0.908844,2,1595.0
81,6140.0,4.413315004,3860.0,sofa,ID-SOF-014,0.928146422,2,2495.0
81,6140.0,4.413315004,3860.0,table,ID-TAB-007,0.823227108,3,685.0
82,7080.0,4.413238703999999,2920.0,rug,ID-RUG-007,0.845764041,1,2840.0
82,7080.0,4.413238703999999,2920.0,lamp,ID-LIG-020,0.909713864,1,640.0
82,7080.0,4.413238703999999,2920.0,chair,ID-CHA-007,0.90284729,3,920.0
82,7080.0,4.413238703999999,2920.0,sofa,ID-SOF-026,0.927932799,3,1645.0
82,7080.0,4.413238703999999,2920.0,table,ID-NIG-001,0.82698071,1,1035.0
83,7080.0,4.413238703999999,2920.0,rug,ID-RUG-007,0.845764041,1,2840.0
83,7080.0,4.413238703999999,2920.0,lamp,ID-LIG-020,0.909713864,1,640.0
83,7080.0,4.413238703999999,2920.0,chair,ID-CHA-007,0.90284729,3,920.0
83,7080.0,4.413238703999999,2920.0,sofa,ID-SOF-026,0.927932799,3,1645.0
83,7080.0,4.413238703999999,2920.0,table,ID-TAB-008,0.82698071,2,1035.0
84,4515.0,4.4131471520000005,5485.0,rug,ID-RUG-029,0.84338361,2,725.0
84,4515.0,4.4131471520000005,5485.0,lamp,ID-LIG-020,0.909713864,1,640.0
84,4515.0,4.4131471520000005,5485.0,chair,ID-CHA-010,0.908889771,1,820.0
84,4515.0,4.4131471520000005,5485.0,sofa,ID-SOF-026,0.927932799,3,1645.0
84,4515.0,4.4131471520000005,5485.0,table,ID-TAB-007,0.823227108,3,685.0
85,5290.0,4.413101381,4710.0,rug,ID-RUG-029,0.84338361,2,725.0
85,5290.0,4.413101381,4710.0,lamp,ID-LIG-020,0.909713864,1,640.0
85,5290.0,4.413101381,4710.0,chair,ID-CHA-031,0.908844,2,1595.0
85,5290.0,4.413101381,4710.0,sofa,ID-SOF-026,0.927932799,3,1645.0
85,5290.0,4.413101381,4710.0,table,ID-TAB-007,0.823227108,3,685.0
86,6720.0,4.412414789,3280.0,rug,ID-RUG-007,0.845764041,1,2840.0
86,6720.0,4.412414789,3280.0,lamp,ID-LIG-018,0.904785275,2,480.0
86,6720.0,4.412414789,3280.0,chair,ID-CHA-007,0.90284729,3,920.0
86,6720.0,4.412414789,3280.0,sofa,ID-SOF-025,0.932037473,1,1445.0
86,6720.0,4.412414789,3280.0,table,ID-NIG-001,0.82698071,1,1035.0
87,6720.0,4.412414789,3280.0,rug,ID-RUG-007,0.845764041,1,2840.0
87,6720.0,4.412414789,3280.0,lamp,ID-LIG-018,0.904785275,2,480.0
87,6720.0,4.412414789,3280.0,chair,ID-CHA-007,0.90284729,3,920.0
87,6720.0,4.412414789,3280.0,sofa,ID-SOF-025,0.932037473,1,1445.0
87,6720.0,4.412414789,3280.0,table,ID-TAB-008,0.82698071,2,1035.0
88,4155.0,4.412323237,5845.0,rug,ID-RUG-029,0.84338361,2,725.0
88,4155.0,4.412323237,5845.0,lamp,ID-LIG-018,0.904785275,2,480.0
88,4155.0,4.412323237,5845.0,chair,ID-CHA-010,0.908889771,1,820.0
88,4155.0,4.412323237,5845.0,sofa,ID-SOF-025,0.932037473,1,1445.0
88,4155.0,4.412323237,5845.0,table,ID-TAB-007,0.823227108,3,685.0
89,6865.0,4.412307859,3135.0,rug,ID-RUG-007,0.845764041,1,2840.0
89,6865.0,4.412307859,3135.0,lamp,ID-LIG-013,0.904678345,3,625.0
89,6865.0,4.412307859,3135.0,chair,ID-CHA-007,0.90284729,3,920.0
89,6865.0,4.412307859,3135.0,sofa,ID-SOF-025,0.932037473,1,1445.0
89,6865.0,4.412307859,3135.0,table,ID-NIG-001,0.82698071,1,1035.0
90,6865.0,4.412307859,3135.0,rug,ID-RUG-007,0.845764041,1,2840.0
90,6865.0,4.412307859,3135.0,lamp,ID-LIG-013,0.904678345,3,625.0
90,6865.0,4.412307859,3135.0,chair,ID-CHA-007,0.90284729,3,920.0
90,6865.0,4.412307859,3135.0,sofa,ID-SOF-025,0.932037473,1,1445.0
90,6865.0,4.412307859,3135.0,table,ID-TAB-008,0.82698071,2,1035.0
91,4930.0,4.412277466,5070.0,rug,ID-RUG-029,0.84338361,2,725.0
91,4930.0,4.412277466,5070.0,lamp,ID-LIG-018,0.904785275,2,480.0
91,4930.0,4.412277466,5070.0,chair,ID-CHA-031,0.908844,2,1595.0
91,4930.0,4.412277466,5070.0,sofa,ID-SOF-025,0.932037473,1,1445.0
91,4930.0,4.412277466,5070.0,table,ID-TAB-007,0.823227108,3,685.0
92,4300.0,4.412216307,5700.0,rug,ID-RUG-029,0.84338361,2,725.0
92,4300.0,4.412216307,5700.0,lamp,ID-LIG-013,0.904678345,3,625.0
92,4300.0,4.412216307,5700.0,chair,ID-CHA-010,0.908889771,1,820.0
92,4300.0,4.412216307,5700.0,sofa,ID-SOF-025,0.932037473,1,1445.0
92,4300.0,4.412216307,5700.0,table,ID-TAB-007,0.823227108,3,685.0
93,5555.0,4.412185788,4445.0,rug,ID-RUG-029,0.84338361,2,725.0
93,5555.0,4.412185788,4445.0,lamp,ID-LIG-018,0.904785275,2,480.0
93,5555.0,4.412185788,4445.0,chair,ID-CHA-010,0.908889771,1,820.0
93,5555.0,4.412185788,4445.0,sofa,ID-SOF-014,0.928146422,2,2495.0
93,5555.0,4.412185788,4445.0,table,ID-NIG-001,0.82698071,1,1035.0
94,5555.0,4.412185788,4445.0,rug,ID-RUG-029,0.84338361,2,725.0
94,5555.0,4.412185788,4445.0,lamp,ID-LIG-018,0.904785275,2,480.0
94,5555.0,4.412185788,4445.0,chair,ID-CHA-010,0.908889771,1,820.0
94,5555.0,4.412185788,4445.0,sofa,ID-SOF-014,0.928146422,2,2495.0
94,5555.0,4.412185788,4445.0,table,ID-TAB-008,0.82698071,2,1035.0
95,5075.0,4.412170536,4925.0,rug,ID-RUG-029,0.84338361,2,725.0
95,5075.0,4.412170536,4925.0,lamp,ID-LIG-013,0.904678345,3,625.0
95,5075.0,4.412170536,4925.0,chair,ID-CHA-031,0.908844,2,1595.0
95,5075.0,4.412170536,4925.0,sofa,ID-SOF-025,0.932037473,1,1445.0
95,5075.0,4.412170536,4925.0,table,ID-TAB-007,0.823227108,3,685.0
96,6330.0,4.4121400170000005,3670.0,rug,ID-RUG-029,0.84338361,2,725.0
96,6330.0,4.4121400170000005,3670.0,lamp,ID-LIG-018,0.904785275,2,480.0
96,6330.0,4.4121400170000005,3670.0,chair,ID-CHA-031,0.908844,2,1595.0
96,6330.0,4.4121400170000005,3670.0,sofa,ID-SOF-014,0.928146422,2,2495.0
96,6330.0,4.4121400170000005,3670.0,table,ID-NIG-001,0.82698071,1,1035.0
97,6330.0,4.4121400170000005,3670.0,rug,ID-RUG-029,0.84338361,2,725.0
97,6330.0,4.4121400170000005,3670.0,lamp,ID-LIG-018,0.904785275,2,480.0
97,6330.0,4.4121400170000005,3670.0,chair,ID-CHA-031,0.908844,2,1595.0
97,6330.0,4.4121400170000005,3670.0,sofa,ID-SOF-014,0.928146422,2,2495.0
97,6330.0,4.4121400170000005,3670.0,table,ID-TAB-008,0.82698071,2,1035.0
98,5700.0,4.412078858,4300.0,rug,ID-RUG-029,0.84338361,2,725.0
98,5700.0,4.412078858,4300.0,lamp,ID-LIG-013,0.904678345,3,625.0
98,5700.0,4.412078858,4300.0,chair,ID-CHA-010,0.908889771,1,820.0
98,5700.0,4.412078858,4300.0,sofa,ID-SOF-014,0.928146422,2,2495.0
98,5700.0,4.412078858,4300.0,table,ID-NIG-001,0.82698071,1,1035.0
99,5700.0,4.412078858,4300.0,rug,ID-RUG-029,0.84338361,2,725.0
99,5700.0,4.412078858,4300.0,lamp,ID-LIG-013,0.904678345,3,625.0
99,5700.0,4.412078858,4300.0,chair,ID-CHA-010,0.908889771,1,820.0
99,5700.0,4.412078858,4300.0,sofa,ID-SOF-014,0.928146422,2,2495.0
99,5700.0,4.412078858,4300.0,table,ID-TAB-008,0.82698071,2,1035.0
100,6475.0,4.412033087,3525.0,rug,ID-RUG-029,0.84338361,2,725.0
100,6475.0,4.412033087,3525.0,lamp,ID-LIG-013,0.904678345,3,625.0
100,6475.0,4.412033087,3525.0,chair,ID-CHA-031,0.908844,2,1595.0
100,6475.0,4.412033087,3525.0,sofa,ID-SOF-014,0.928146422,2,2495.0
100,6475.0,4.412033087,3525.0,table,ID-NIG-001,0.82698071,1,1035.0
101,6475.0,4.412033087,3525.0,rug,ID-RUG-029,0.84338361,2,725.0
101,6475.0,4.412033087,3525.0,lamp,ID-LIG-013,0.904678345,3,625.0
101,6475.0,4.412033087,3525.0,chair,ID-CHA-031,0.908844,2,1595.0
101,6475.0,4.412033087,3525.0,sofa,ID-SOF-014,0.928146422,2,2495.0
101,6475.0,4.412033087,3525.0,table,ID-TAB-008,0.82698071,2,1035.0
102,4705.0,4.411972165,5295.0,rug,ID-RUG-029,0.84338361,2,725.0
102,4705.0,4.411972165,5295.0,lamp,ID-LIG-018,0.904785275,2,480.0
102,4705.0,4.411972165,5295.0,chair,ID-CHA-010,0.908889771,1,820.0
102,4705.0,4.411972165,5295.0,sofa,ID-SOF-026,0.927932799,3,1645.0
102,4705.0,4.411972165,5295.0,table,ID-NIG-001,0.82698071,1,1035.0
103,4705.0,4.411972165,5295.0,rug,ID-RUG-029,0.84338361,2,725.0
103,4705.0,4.411972165,5295.0,lamp,ID-LIG-018,0.904785275,2,480.0
103,4705.0,4.411972165,5295.0,chair,ID-CHA-010,0.908889771,1,820.0
103,4705.0,4.411972165,5295.0,sofa,ID-SOF-026,0.927932799,3,1645.0
103,4705.0,4.411972165,5295.0,table,ID-TAB-008,0.82698071,2,1035.0
104,5480.0,4.411926394,4520.0,rug,ID-RUG-029,0.84338361,2,725.0
104,5480.0,4.411926394,4520.0,lamp,ID-LIG-018,0.904785275,2,480.0
104,5480.0,4.411926394,4520.0,chair,ID-CHA-031,0.908844,2,1595.0
104,5480.0,4.411926394,4520.0,sofa,ID-SOF-026,0.927932799,3,1645.0
104,5480.0,4.411926394,4520.0,table,ID-NIG-001,0.82698071,1,1035.0
105,5480.0,4.411926394,4520.0,rug,ID-RUG-029,0.84338361,2,725.0
105,5480.0,4.411926394,4520.0,lamp,ID-LIG-018,0.904785275,2,480.0
105,5480.0,4.411926394,4520.0,chair,ID-CHA-031,0.908844,2,1595.0
105,5480.0,4.411926394,4520.0,sofa,ID-SOF-026,0.927932799,3,1645.0
105,5480.0,4.411926394,4520.0,table,ID-TAB-008,0.82698071,2,1035.0
106,4850.0,4.4118652350000005,5150.0,rug,ID-RUG-029,0.84338361,2,725.0
106,4850.0,4.4118652350000005,5150.0,lamp,ID-LIG-013,0.904678345,3,625.0
106,4850.0,4.4118652350000005,5150.0,chair,ID-CHA-010,0.908889771,1,820.0
106,4850.0,4.4118652350000005,5150.0,sofa,ID-SOF-026,0.927932799,3,1645.0
106,4850.0,4.4118652350000005,5150.0,table,ID-NIG-001,0.82698071,1,1035.0
107,4850.0,4.4118652350000005,5150.0,rug,ID-RUG-029,0.84338361,2,725.0
107,4850.0,4.4118652350000005,5150.0,lamp,ID-LIG-013,0.904678345,3,625.0
107,4850.0,4.4118652350000005,5150.0,chair,ID-CHA-010,0.908889771,1,820.0
107,4850.0,4.4118652350000005,5150.0,sofa,ID-SOF-026,0.927932799,3,1645.0
107,4850.0,4.4118652350000005,5150.0,table,ID-TAB-008,0.82698071,2,1035.0
108,5625.0,4.411819464000001,4375.0,rug,ID-RUG-029,0.84338361,2,725.0
108,5625.0,4.411819464000001,4375.0,lamp,ID-LIG-013,0.904678345,3,625.0
108,5625.0,4.411819464000001,4375.0,chair,ID-CHA-031,0.908844,2,1595.0
108,5625.0,4.411819464000001,4375.0,sofa,ID-SOF-026,0.927932799,3,1645.0
108,5625.0,4.411819464000001,4375.0,table,ID-NIG-001,0.82698071,1,1035.0
109,5625.0,4.411819464000001,4375.0,rug,ID-RUG-029,0.84338361,2,725.0
109,5625.0,4.411819464000001,4375.0,lamp,ID-LIG-013,0.904678345,3,625.0
109,5625.0,4.411819464000001,4375.0,chair,ID-CHA-031,0.908844,2,1595.0
109,5625.0,4.411819464000001,4375.0,sofa,ID-SOF-026,0.927932799,3,1645.0
109,5625.0,4.411819464000001,4375.0,table,ID-TAB-008,0.82698071,2,1035.0
110,4415.0,4.411209345,5585.0,rug,ID-RUG-029,0.84338361,2,725.0
110,4415.0,4.411209345,5585.0,lamp,ID-LIG-020,0.909713864,1,640.0
110,4415.0,4.411209345,5585.0,chair,ID-CHA-007,0.90284729,3,920.0
110,4415.0,4.411209345,5585.0,sofa,ID-SOF-025,0.932037473,1,1445.0
110,4415.0,4.411209345,5585.0,table,ID-TAB-007,0.823227108,3,685.0
111,5815.0,4.411071896,4185.0,rug,ID-RUG-029,0.84338361,2,725.0
111,5815.0,4.411071896,4185.0,lamp,ID-LIG-020,0.909713864,1,640.0
111,5815.0,4.411071896,4185.0,chair,ID-CHA-007,0.90284729,3,920.0
111,5815.0,4.411071896,4185.0,sofa,ID-SOF-014,0.928146422,2,2495.0
111,5815.0,4.411071896,4185.0,table,ID-NIG-001,0.82698071,1,1035.0
112,5815.0,4.411071896,4185.0,rug,ID-RUG-029,0.84338361,2,725.0
112,5815.0,4.411071896,4185.0,lamp,ID-LIG-020,0.909713864,1,640.0
112,5815.0,4.411071896,4185.0,chair,ID-CHA-007,0.90284729,3,920.0
112,5815.0,4.411071896,4185.0,sofa,ID-SOF-014,0.928146422,2,2495.0
112,5815.0,4.411071896,4185.0,table,ID-TAB-008,0.82698071,2,1035.0
113,4965.0,4.4108582730000006,5035.0,rug,ID-RUG-029,0.84338361,2,725.0
113,4965.0,4.4108582730000006,5035.0,lamp,ID-LIG-020,0.909713864,1,640.0
113,4965.0,4.4108582730000006,5035.0,chair,ID-CHA-007,0.90284729,3,920.0
113,4965.0,4.4108582730000006,5035.0,sofa,ID-SOF-026,0.927932799,3,1645.0
113,4965.0,4.4108582730000006,5035.0,table,ID-NIG-001,0.82698071,1,1035.0
114,4965.0,4.4108582730000006,5035.0,rug,ID-RUG-029,0.84338361,2,725.0
114,4965.0,4.4108582730000006,5035.0,lamp,ID-LIG-020,0.909713864,1,640.0
114,4965.0,4.4108582730000006,5035.0,chair,ID-CHA-007,0.90284729,3,920.0
114,4965.0,4.4108582730000006,5035.0,sofa,ID-SOF-026,0.927932799,3,1645.0
114,4965.0,4.4108582730000006,5035.0,table,ID-TAB-008,0.82698071,2,1035.0
115,7320.0,4.410812617,2680.0,rug,ID-RUG-007,0.845764041,1,2840.0
115,7320.0,4.410812617,2680.0,lamp,ID-LIG-018,0.904785275,2,480.0
115,7320.0,4.410812617,2680.0,chair,ID-CHA-010,0.908889771,1,820.0
115,7320.0,4.410812617,2680.0,sofa,ID-SOF-014,0.928146422,2,2495.0
115,7320.0,4.410812617,2680.0,table,ID-TAB-007,0.823227108,3,685.0
116,8095.0,4.4107668460000005,1905.0,rug,ID-RUG-007,0.845764041,1,2840.0
116,8095.0,4.4107668460000005,1905.0,lamp,ID-LIG-018,0.904785275,2,480.0
116,8095.0,4.4107668460000005,1905.0,chair,ID-CHA-031,0.908844,2,1595.0
116,8095.0,4.4107668460000005,1905.0,sofa,ID-SOF-014,0.928146422,2,2495.0
116,8095.0,4.4107668460000005,1905.0,table,ID-TAB-007,0.823227108,3,685.0
117,7465.0,4.410705687,2535.0,rug,ID-RUG-007,0.845764041,1,2840.0
117,7465.0,4.410705687,2535.0,lamp,ID-LIG-013,0.904678345,3,625.0
117,7465.0,4.410705687,2535.0,chair,ID-CHA-010,0.908889771,1,820.0
117,7465.0,4.410705687,2535.0,sofa,ID-SOF-014,0.928146422,2,2495.0
117,7465.0,4.410705687,2535.0,table,ID-TAB-007,0.823227108,3,685.0
118,4310.0,4.4106907259999995,5690.0,rug,ID-RUG-016,0.83682251,3,720.0
118,4310.0,4.4106907259999995,5690.0,lamp,ID-LIG-020,0.909713864,1,640.0
118,4310.0,4.4106907259999995,5690.0,chair,ID-CHA-010,0.908889771,1,820.0
118,4310.0,4.4106907259999995,5690.0,sofa,ID-SOF-025,0.932037473,1,1445.0
118,4310.0,4.4106907259999995,5690.0,table,ID-TAB-007,0.823227108,3,685.0
119,8240.0,4.410659916,1760.0,rug,ID-RUG-007,0.845764041,1,2840.0
119,8240.0,4.410659916,1760.0,lamp,ID-LIG-013,0.904678345,3,625.0
119,8240.0,4.410659916,1760.0,chair,ID-CHA-031,0.908844,2,1595.0
119,8240.0,4.410659916,1760.0,sofa,ID-SOF-014,0.928146422,2,2495.0
119,8240.0,4.410659916,1760.0,table,ID-TAB-007,0.823227108,3,685.0
120,5085.0,4.4106449549999995,4915.0,rug,ID-RUG-016,0.83682251,3,720.0
120,5085.0,4.4106449549999995,4915.0,lamp,ID-LIG-020,0.909713864,1,640.0
120,5085.0,4.4106449549999995,4915.0,chair,ID-CHA-031,0.908844,2,1595.0
120,5085.0,4.4106449549999995,4915.0,sofa,ID-SOF-025,0.932037473,1,1445.0
120,5085.0,4.4106449549999995,4915.0,table,ID-TAB-007,0.823227108,3,685.0
121,6470.0,4.410598994,3530.0,rug,ID-RUG-007,0.845764041,1,2840.0
121,6470.0,4.410598994,3530.0,lamp,ID-LIG-018,0.904785275,2,480.0
121,6470.0,4.410598994,3530.0,chair,ID-CHA-010,0.908889771,1,820.0
121,6470.0,4.410598994,3530.0,sofa,ID-SOF-026,0.927932799,3,1645.0
121,6470.0,4.410598994,3530.0,table,ID-TAB-007,0.823227108,3,685.0
122,5710.0,4.410553277,4290.0,rug,ID-RUG-016,0.83682251,3,720.0
122,5710.0,4.410553277,4290.0,lamp,ID-LIG-020,0.909713864,1,640.0
122,5710.0,4.410553277,4290.0,chair,ID-CHA-010,0.908889771,1,820.0
122,5710.0,4.410553277,4290.0,sofa,ID-SOF-014,0.928146422,2,2495.0
122,5710.0,4.410553277,4290.0,table,ID-NIG-001,0.82698071,1,1035.0
123,5710.0,4.410553277,4290.0,rug,ID-RUG-016,0.83682251,3,720.0
123,5710.0,4.410553277,4290.0,lamp,ID-LIG-020,0.909713864,1,640.0
123,5710.0,4.410553277,4290.0,chair,ID-CHA-010,0.908889771,1,820.0
123,5710.0,4.410553277,4290.0,sofa,ID-SOF-014,0.928146422,2,2495.0
123,5710.0,4.410553277,4290.0,table,ID-TAB-008,0.82698071,2,1035.0
124,7245.0,4.410553223,2755.0,rug,ID-RUG-007,0.845764041,1,2840.0
124,7245.0,4.410553223,2755.0,lamp,ID-LIG-018,0.904785275,2,480.0
124,7245.0,4.410553223,2755.0,chair,ID-CHA-031,0.908844,2,1595.0
124,7245.0,4.410553223,2755.0,sofa,ID-SOF-026,0.927932799,3,1645.0
124,7245.0,4.410553223,2755.0,table,ID-TAB-007,0.823227108,3,685.0
125,6485.0,4.410507506,3515.0,rug,ID-RUG-016,0.83682251,3,720.0
125,6485.0,4.410507506,3515.0,lamp,ID-LIG-020,0.909713864,1,640.0
125,6485.0,4.410507506,3515.0,chair,ID-CHA-031,0.908844,2,1595.0
125,6485.0,4.410507506,3515.0,sofa,ID-SOF-014,0.928146422,2,2495.0
125,6485.0,4.410507506,3515.0,table,ID-NIG-001,0.82698071,1,1035.0
126,6485.0,4.410507506,3515.0,rug,ID-RUG-016,0.83682251,3,720.0
126,6485.0,4.410507506,3515.0,lamp,ID-LIG-020,0.909713864,1,640.0
126,6485.0,4.410507506,3515.0,chair,ID-CHA-031,0.908844,2,1595.0
126,6485.0,4.410507506,3515.0,sofa,ID-SOF-014,0.928146422,2,2495.0
126,6485.0,4.410507506,3515.0,table,ID-TAB-008,0.82698071,2,1035.0
127,6615.0,4.4104920640000005,3385.0,rug,ID-RUG-007,0.845764041,1,2840.0
127,6615.0,4.4104920640000005,3385.0,lamp,ID-LIG-013,0.904678345,3,625.0
127,6615.0,4.4104920640000005,3385.0,chair,ID-CHA-010,0.908889771,1,820.0
127,6615.0,4.4104920640000005,3385.0,sofa,ID-SOF-026,0.927932799,3,1645.0
127,6615.0,4.4104920640000005,3385.0,table,ID-TAB-007,0.823227108,3,685.0
128,7390.0,4.410446293,2610.0,rug,ID-RUG-007,0.845764041,1,2840.0
128,7390.0,4.410446293,2610.0,lamp,ID-LIG-013,0.904678345,3,625.0
128,7390.0,4.410446293,2610.0,chair,ID-CHA-031,0.908844,2,1595.0
128,7390.0,4.410446293,2610.0,sofa,ID-SOF-026,0.927932799,3,1645.0
128,7390.0,4.410446293,2610.0,table,ID-TAB-007,0.823227108,3,685.0
129,4860.0,4.4103396539999995,5140.0,rug,ID-RUG-016,0.83682251,3,720.0
129,4860.0,4.4103396539999995,5140.0,lamp,ID-LIG-020,0.909713864,1,640.0
129,4860.0,4.4103396539999995,5140.0,chair,ID-CHA-010,0.908889771,1,820.0
129,4860.0,4.4103396539999995,5140.0,sofa,ID-SOF-026,0.927932799,3,1645.0
129,4860.0,4.4103396539999995,5140.0,table,ID-NIG-001,0.82698071,1,1035.0
130,4860.0,4.4103396539999995,5140.0,rug,ID-RUG-016,0.83682251,3,720.0
130,4860.0,4.4103396539999995,5140.0,lamp,ID-LIG-020,0.909713864,1,640.0
130,4860.0,4.4103396539999995,5140.0,chair,ID-CHA-010,0.908889771,1,820.0
130,4860.0,4.4103396539999995,5140.0,sofa,ID-SOF-026,0.927932799,3,1645.0
130,4860.0,4.4103396539999995,5140.0,table,ID-TAB-008,0.82698071,2,1035.0
131,5635.0,4.410293883,4365.0,rug,ID-RUG-016,0.83682251,3,720.0
131,5635.0,4.410293883,4365.0,lamp,ID-LIG-020,0.909713864,1,640.0
131,5635.0,4.410293883,4365.0,chair,ID-CHA-031,0.908844,2,1595.0
131,5635.0,4.410293883,4365.0,sofa,ID-SOF-026,0.927932799,3,1645.0
131,5635.0,4.410293883,4365.0,table,ID-NIG-001,0.82698071,1,1035.0
132,5635.0,4.410293883,4365.0,rug,ID-RUG-016,0.83682251,3,720.0
132,5635.0,4.410293883,4365.0,lamp,ID-LIG-020,0.909713864,1,640.0
132,5635.0,4.410293883,4365.0,chair,ID-CHA-031,0.908844,2,1595.0
132,5635.0,4.410293883,4365.0,sofa,ID-SOF-026,0.927932799,3,1645.0
132,5635.0,4.410293883,4365.0,table,ID-TAB-008,0.82698071,2,1035.0
133,4605.0,4.410034358,5395.0,rug,ID-RUG-029,0.84338361,2,725.0
133,4605.0,4.410034358,5395.0,lamp,ID-LIG-018,0.904785275,2,480.0
133,4605.0,4.410034358,5395.0,chair,ID-CHA-007,0.90284729,3,920.0
133,4605.0,4.410034358,5395.0,sofa,ID-SOF-025,0.932037473,1,1445.0
133,4605.0,4.410034358,5395.0,table,ID-NIG-001,0.82698071,1,1035.0
134,4605.0,4.410034358,5395.0,rug,ID-RUG-029,0.84338361,2,725.0
134,4605.0,4.410034358,5395.0,lamp,ID-LIG-018,0.904785275,2,480.0
134,4605.0,4.410034358,5395.0,chair,ID-CHA-007,0.90284729,3,920.0
134,4605.0,4.410034358,5395.0,sofa,ID-SOF-025,0.932037473,1,1445.0
134,4605.0,4.410034358,5395.0,table,ID-TAB-008,0.82698071,2,1035.0
135,4750.0,4.409927428,5250.0,rug,ID-RUG-029,0.84338361,2,725.0
135,4750.0,4.409927428,5250.0,lamp,ID-LIG-013,0.904678345,3,625.0
135,4750.0,4.409927428,5250.0,chair,ID-CHA-007,0.90284729,3,920.0
135,4750.0,4.409927428,5250.0,sofa,ID-SOF-025,0.932037473,1,1445.0
135,4750.0,4.409927428,5250.0,table,ID-NIG-001,0.82698071,1,1035.0
136,4750.0,4.409927428,5250.0,rug,ID-RUG-029,0.84338361,2,725.0
136,4750.0,4.409927428,5250.0,lamp,ID-LIG-013,0.904678345,3,625.0
136,4750.0,4.409927428,5250.0,chair,ID-CHA-007,0.90284729,3,920.0
136,4750.0,4.409927428,5250.0,sofa,ID-SOF-025,0.932037473,1,1445.0
136,4750.0,4.409927428,5250.0,table,ID-TAB-008,0.82698071,2,1035.0
137,7580.0,4.409698725,2420.0,rug,ID-RUG-007,0.845764041,1,2840.0
137,7580.0,4.409698725,2420.0,lamp,ID-LIG-020,0.909713864,1,640.0
137,7580.0,4.409698725,2420.0,chair,ID-CHA-007,0.90284729,3,920.0
137,7580.0,4.409698725,2420.0,sofa,ID-SOF-014,0.928146422,2,2495.0
137,7580.0,4.409698725,2420.0,table,ID-TAB-007,0.823227108,3,685.0
138,4500.0,4.409515739,5500.0,rug,ID-RUG-016,0.83682251,3,720.0
138,4500.0,4.409515739,5500.0,lamp,ID-LIG-018,0.904785275,2,480.0
138,4500.0,4.409515739,5500.0,chair,ID-CHA-010,0.908889771,1,820.0
138,4500.0,4.409515739,5500.0,sofa,ID-SOF-025,0.932037473,1,1445.0
138,4500.0,4.409515739,5500.0,table,ID-NIG-001,0.82698071,1,1035.0
139,4500.0,4.409515739,5500.0,rug,ID-RUG-016,0.83682251,3,720.0
139,4500.0,4.409515739,5500.0,lamp,ID-LIG-018,0.904785275,2,480.0
139,4500.0,4.409515739,5500.0,chair,ID-CHA-010,0.908889771,1,820.0
139,4500.0,4.409515739,5500.0,sofa,ID-SOF-025,0.932037473,1,1445.0
139,4500.0,4.409515739,5500.0,table,ID-TAB-008,0.82698071,2,1035.0
140,6730.0,4.409485102,3270.0,rug,ID-RUG-007,0.845764041,1,2840.0
140,6730.0,4.409485102,3270.0,lamp,ID-LIG-020,0.909713864,1,640.0
140,6730.0,4.409485102,3270.0,chair,ID-CHA-007,0.90284729,3,920.0
140,6730.0,4.409485102,3270.0,sofa,ID-SOF-026,0.927932799,3,1645.0
140,6730.0,4.409485102,3270.0,table,ID-TAB-007,0.823227108,3,685.0
141,5275.0,4.409469968,4725.0,rug,ID-RUG-016,0.83682251,3,720.0
141,5275.0,4.409469968,4725.0,lamp,ID-LIG-018,0.904785275,2,480.0
141,5275.0,4.409469968,4725.0,chair,ID-CHA-031,0.908844,2,1595.0
141,5275.0,4.409469968,4725.0,sofa,ID-SOF-025,0.932037473,1,1445.0
141,5275.0,4.409469968,4725.0,table,ID-NIG-001,0.82698071,1,1035.0
142,5275.0,4.409469968,4725.0,rug,ID-RUG-016,0.83682251,3,720.0
142,5275.0,4.409469968,4725.0,lamp,ID-LIG-018,0.904785275,2,480.0
142,5275.0,4.409469968,4725.0,chair,ID-CHA-031,0.908844,2,1595.0
142,5275.0,4.409469968,4725.0,sofa,ID-SOF-025,0.932037473,1,1445.0
142,5275.0,4.409469968,4725.0,table,ID-TAB-008,0.82698071,2,1035.0
143,4645.0,4.409408809,5355.0,rug,ID-RUG-016,0.83682251,3,720.0
143,4645.0,4.409408809,5355.0,lamp,ID-LIG-013,0.904678345,3,625.0
143,4645.0,4.409408809,5355.0,chair,ID-CHA-010,0.908889771,1,820.0
143,4645.0,4.409408809,5355.0,sofa,ID-SOF-025,0.932037473,1,1445.0
143,4645.0,4.409408809,5355.0,table,ID-NIG-001,0.82698071,1,1035.0
144,4645.0,4.409408809,5355.0,rug,ID-RUG-016,0.83682251,3,720.0
144,4645.0,4.409408809,5355.0,lamp,ID-LIG-013,0.904678345,3,625.0
144,4645.0,4.409408809,5355.0,chair,ID-CHA-010,0.908889771,1,820.0
144,4645.0,4.409408809,5355.0,sofa,ID-SOF-025,0.932037473,1,1445.0
144,4645.0,4.409408809,5355.0,table,ID-TAB-008,0.82698071,2,1035.0
145,5420.0,4.409363038,4580.0,rug,ID-RUG-016,0.83682251,3,720.0
145,5420.0,4.409363038,4580.0,lamp,ID-LIG-013,0.904678345,3,625.0
145,5420.0,4.409363038,4580.0,chair,ID-CHA-031,0.908844,2,1595.0
145,5420.0,4.409363038,4580.0,sofa,ID-SOF-025,0.932037473,1,1445.0
145,5420.0,4.409363038,4580.0,table,ID-NIG-001,0.82698071,1,1035.0
146,5420.0,4.409363038,4580.0,rug,ID-RUG-016,0.83682251,3,720.0
146,5420.0,4.409363038,4580.0,lamp,ID-LIG-013,0.904678345,3,625.0
146,5420.0,4.409363038,4580.0,chair,ID-CHA-031,0.908844,2,1595.0
146,5420.0,4.409363038,4580.0,sofa,ID-SOF-025,0.932037473,1,1445.0
146,5420.0,4.409363038,4580.0,table,ID-TAB-008,0.82698071,2,1035.0
147,6370.0,4.408661187,3630.0,rug,ID-RUG-007,0.845764041,1,2840.0
147,6370.0,4.408661187,3630.0,lamp,ID-LIG-018,0.904785275,2,480.0
147,6370.0,4.408661187,3630.0,chair,ID-CHA-007,0.90284729,3,920.0
147,6370.0,4.408661187,3630.0,sofa,ID-SOF-025,0.932037473,1,1445.0
147,6370.0,4.408661187,3630.0,table,ID-TAB-007,0.823227108,3,685.0
148,6515.0,4.408554257,3485.0,rug,ID-RUG-007,0.845764041,1,2840.0
148,6515.0,4.408554257,3485.0,lamp,ID-LIG-013,0.904678345,3,625.0
148,6515.0,4.408554257,3485.0,chair,ID-CHA-007,0.90284729,3,920.0
148,6515.0,4.408554257,3485.0,sofa,ID-SOF-025,0.932037473,1,1445.0
148,6515.0,4.408554257,3485.0,table,ID-TAB-007,0.823227108,3,685.0
149,7770.0,4.408523738,2230.0,rug,ID-RUG-007,0.845764041,1,2840.0
149,7770.0,4.408523738,2230.0,lamp,ID-LIG-018,0.904785275,2,480.0
149,7770.0,4.408523738,2230.0,chair,ID-CHA-007,0.90284729,3,920.0
149,7770.0,4.408523738,2230.0,sofa,ID-SOF-014,0.928146422,2,2495.0
149,7770.0,4.408523738,2230.0,table,ID-NIG-001,0.82698071,1,1035.0
150,7770.0,4.408523738,2230.0,rug,ID-RUG-007,0.845764041,1,2840.0
150,7770.0,4.408523738,2230.0,lamp,ID-LIG-018,0.904785275,2,480.0
150,7770.0,4.408523738,2230.0,chair,ID-CHA-007,0.90284729,3,920.0
150,7770.0,4.408523738,2230.0,sofa,ID-SOF-014,0.928146422,2,2495.0
150,7770.0,4.408523738,2230.0,table,ID-TAB-008,0.82698071,2,1035.0
151,5205.0,4.408432186000001,4795.0,rug,ID-RUG-029,0.84338361,2,725.0
151,5205.0,4.408432186000001,4795.0,lamp,ID-LIG-018,0.904785275,2,480.0
151,5205.0,4.408432186000001,4795.0,chair,ID-CHA-010,0.908889771,1,820.0
151,5205.0,4.408432186000001,4795.0,sofa,ID-SOF-014,0.928146422,2,2495.0
151,5205.0,4.408432186000001,4795.0,table,ID-TAB-007,0.823227108,3,685.0
152,7915.0,4.408416808,2085.0,rug,ID-RUG-007,0.845764041,1,2840.0
152,7915.0,4.408416808,2085.0,lamp,ID-LIG-013,0.904678345,3,625.0
152,7915.0,4.408416808,2085.0,chair,ID-CHA-007,0.90284729,3,920.0
152,7915.0,4.408416808,2085.0,sofa,ID-SOF-014,0.928146422,2,2495.0
152,7915.0,4.408416808,2085.0,table,ID-NIG-001,0.82698071,1,1035.0
153,7915.0,4.408416808,2085.0,rug,ID-RUG-007,0.845764041,1,2840.0
153,7915.0,4.408416808,2085.0,lamp,ID-LIG-013,0.904678345,3,625.0
153,7915.0,4.408416808,2085.0,chair,ID-CHA-007,0.90284729,3,920.0
153,7915.0,4.408416808,2085.0,sofa,ID-SOF-014,0.928146422,2,2495.0
153,7915.0,4.408416808,2085.0,table,ID-TAB-008,0.82698071,2,1035.0
154,4760.0,4.408401847,5240.0,rug,ID-RUG-016,0.83682251,3,720.0
154,4760.0,4.408401847,5240.0,lamp,ID-LIG-020,0.909713864,1,640.0
154,4760.0,4.408401847,5240.0,chair,ID-CHA-007,0.90284729,3,920.0
154,4760.0,4.408401847,5240.0,sofa,ID-SOF-025,0.932037473,1,1445.0
154,4760.0,4.408401847,5240.0,table,ID-NIG-001,0.82698071,1,1035.0
155,4760.0,4.408401847,5240.0,rug,ID-RUG-016,0.83682251,3,720.0
155,4760.0,4.408401847,5240.0,lamp,ID-LIG-020,0.909713864,1,640.0
155,4760.0,4.408401847,5240.0,chair,ID-CHA-007,0.90284729,3,920.0
155,4760.0,4.408401847,5240.0,sofa,ID-SOF-025,0.932037473,1,1445.0
155,4760.0,4.408401847,5240.0,table,ID-TAB-008,0.82698071,2,1035.0
156,5980.0,4.408386415000001,4020.0,rug,ID-RUG-029,0.84338361,2,725.0
156,5980.0,4.408386415000001,4020.0,lamp,ID-LIG-018,0.904785275,2,480.0
156,5980.0,4.408386415000001,4020.0,chair,ID-CHA-031,0.908844,2,1595.0
156,5980.0,4.408386415000001,4020.0,sofa,ID-SOF-014,0.928146422,2,2495.0
156,5980.0,4.408386415000001,4020.0,table,ID-TAB-007,0.823227108,3,685.0
157,5350.0,4.408325256,4650.0,rug,ID-RUG-029,0.84338361,2,725.0
157,5350.0,4.408325256,4650.0,lamp,ID-LIG-013,0.904678345,3,625.0
157,5350.0,4.408325256,4650.0,chair,ID-CHA-010,0.908889771,1,820.0
157,5350.0,4.408325256,4650.0,sofa,ID-SOF-014,0.928146422,2,2495.0
157,5350.0,4.408325256,4650.0,table,ID-TAB-007,0.823227108,3,685.0
158,6920.0,4.408310115000001,3080.0,rug,ID-RUG-007,0.845764041,1,2840.0
158,6920.0,4.408310115000001,3080.0,lamp,ID-LIG-018,0.904785275,2,480.0
158,6920.0,4.408310115000001,3080.0,chair,ID-CHA-007,0.90284729,3,920.0
158,6920.0,4.408310115000001,3080.0,sofa,ID-SOF-026,0.927932799,3,1645.0
158,6920.0,4.408310115000001,3080.0,table,ID-NIG-001,0.82698071,1,1035.0
159,6920.0,4.408310115000001,3080.0,rug,ID-RUG-007,0.845764041,1,2840.0
159,6920.0,4.408310115000001,3080.0,lamp,ID-LIG-018,0.904785275,2,480.0
159,6920.0,4.408310115000001,3080.0,chair,ID-CHA-007,0.90284729,3,920.0
159,6920.0,4.408310115000001,3080.0,sofa,ID-SOF-026,0.927932799,3,1645.0
159,6920.0,4.408310115000001,3080.0,table,ID-TAB-008,0.82698071,2,1035.0
160,6125.0,4.408279485,3875.0,rug,ID-RUG-029,0.84338361,2,725.0
160,6125.0,4.408279485,3875.0,lamp,ID-LIG-013,0.904678345,3,625.0
160,6125.0,4.408279485,3875.0,chair,ID-CHA-031,0.908844,2,1595.0
160,6125.0,4.408279485,3875.0,sofa,ID-SOF-014,0.928146422,2,2495.0
160,6125.0,4.408279485,3875.0,table,ID-TAB-007,0.823227108,3,685.0
161,4355.0,4.408218563,5645.0,rug,ID-RUG-029,0.84338361,2,725.0
161,4355.0,4.408218563,5645.0,lamp,ID-LIG-018,0.904785275,2,480.0
161,4355.0,4.408218563,5645.0,chair,ID-CHA-010,0.908889771,1,820.0
161,4355.0,4.408218563,5645.0,sofa,ID-SOF-026,0.927932799,3,1645.0
161,4355.0,4.408218563,5645.0,table,ID-TAB-007,0.823227108,3,685.0
162,7065.0,4.408203185,2935.0,rug,ID-RUG-007,0.845764041,1,2840.0
162,7065.0,4.408203185,2935.0,lamp,ID-LIG-013,0.904678345,3,625.0
162,7065.0,4.408203185,2935.0,chair,ID-CHA-007,0.90284729,3,920.0
162,7065.0,4.408203185,2935.0,sofa,ID-SOF-026,0.927932799,3,1645.0
162,7065.0,4.408203185,2935.0,table,ID-NIG-001,0.82698071,1,1035.0
163,7065.0,4.408203185,2935.0,rug,ID-RUG-007,0.845764041,1,2840.0
163,7065.0,4.408203185,2935.0,lamp,ID-LIG-013,0.904678345,3,625.0
163,7065.0,4.408203185,2935.0,chair,ID-CHA-007,0.90284729,3,920.0
163,7065.0,4.408203185,2935.0,sofa,ID-SOF-026,0.927932799,3,1645.0
163,7065.0,4.408203185,2935.0,table,ID-TAB-008,0.82698071,2,1035.0
164,5130.0,4.408172792,4870.0,rug,ID-RUG-029,0.84338361,2,725.0
164,5130.0,4.408172792,4870.0,lamp,ID-LIG-018,0.904785275,2,480.0
164,5130.0,4.408172792,4870.0,chair,ID-CHA-031,0.908844,2,1595.0
164,5130.0,4.408172792,4870.0,sofa,ID-SOF-026,0.927932799,3,1645.0
164,5130.0,4.408172792,4870.0,table,ID-TAB-007,0.823227108,3,685.0
165,4500.0,4.408111633,5500.0,rug,ID-RUG-029,0.84338361,2,725.0
165,4500.0,4.408111633,5500.0,lamp,ID-LIG-013,0.904678345,3,625.0
165,4500.0,4.408111633,5500.0,chair,ID-CHA-010,0.908889771,1,820.0
165,4500.0,4.408111633,5500.0,sofa,ID-SOF-026,0.927932799,3,1645.0
165,4500.0,4.408111633,5500.0,table,ID-TAB-007,0.823227108,3,685.0
166,5275.0,4.408065862,4725.0,rug,ID-RUG-029,0.84338361,2,725.0
166,5275.0,4.408065862,4725.0,lamp,ID-LIG-013,0.904678345,3,625.0
166,5275.0,4.408065862,4725.0,chair,ID-CHA-031,0.908844,2,1595.0
166,5275.0,4.408065862,4725.0,sofa,ID-SOF-026,0.927932799,3,1645.0
166,5275.0,4.408065862,4725.0,table,ID-TAB-007,0.823227108,3,685.0
167,5465.0,4.407318294,4535.0,rug,ID-RUG-029,0.84338361,2,725.0
167,5465.0,4.407318294,4535.0,lamp,ID-LIG-020,0.909713864,1,640.0
167,5465.0,4.407318294,4535.0,chair,ID-CHA-007,0.90284729,3,920.0
167,5465.0,4.407318294,4535.0,sofa,ID-SOF-014,0.928146422,2,2495.0
167,5465.0,4.407318294,4535.0,table,ID-TAB-007,0.823227108,3,685.0
168,4615.0,4.407104671,5385.0,rug,ID-RUG-029,0.84338361,2,725.0
168,4615.0,4.407104671,5385.0,lamp,ID-LIG-020,0.909713864,1,640.0
168,4615.0,4.407104671,5385.0,chair,ID-CHA-007,0.90284729,3,920.0
168,4615.0,4.407104671,5385.0,sofa,ID-SOF-026,0.927932799,3,1645.0
168,4615.0,4.407104671,5385.0,table,ID-TAB-007,0.823227108,3,685.0
169,5360.0,4.406799675,4640.0,rug,ID-RUG-016,0.83682251,3,720.0
169,5360.0,4.406799675,4640.0,lamp,ID-LIG-020,0.909713864,1,640.0
169,5360.0,4.406799675,4640.0,chair,ID-CHA-010,0.908889771,1,820.0
169,5360.0,4.406799675,4640.0,sofa,ID-SOF-014,0.928146422,2,2495.0
169,5360.0,4.406799675,4640.0,table,ID-TAB-007,0.823227108,3,685.0
170,6135.0,4.406753904,3865.0,rug,ID-RUG-016,0.83682251,3,720.0
170,6135.0,4.406753904,3865.0,lamp,ID-LIG-020,0.909713864,1,640.0
170,6135.0,4.406753904,3865.0,chair,ID-CHA-031,0.908844,2,1595.0
170,6135.0,4.406753904,3865.0,sofa,ID-SOF-014,0.928146422,2,2495.0
170,6135.0,4.406753904,3865.0,table,ID-TAB-007,0.823227108,3,685.0
171,4510.0,4.406586052,5490.0,rug,ID-RUG-016,0.83682251,3,720.0
171,4510.0,4.406586052,5490.0,lamp,ID-LIG-020,0.909713864,1,640.0
171,4510.0,4.406586052,5490.0,chair,ID-CHA-010,0.908889771,1,820.0
171,4510.0,4.406586052,5490.0,sofa,ID-SOF-026,0.927932799,3,1645.0
171,4510.0,4.406586052,5490.0,table,ID-TAB-007,0.823227108,3,685.0
172,5285.0,4.406540281,4715.0,rug,ID-RUG-016,0.83682251,3,720.0
172,5285.0,4.406540281,4715.0,lamp,ID-LIG-020,0.909713864,1,640.0
172,5285.0,4.406540281,4715.0,chair,ID-CHA-031,0.908844,2,1595.0
172,5285.0,4.406540281,4715.0,sofa,ID-SOF-026,0.927932799,3,1645.0
172,5285.0,4.406540281,4715.0,table,ID-TAB-007,0.823227108,3,685.0
173,4255.0,4.406280756,5745.0,rug,ID-RUG-029,0.84338361,2,725.0
173,4255.0,4.406280756,5745.0,lamp,ID-LIG-018,0.904785275,2,480.0
173,4255.0,4.406280756,5745.0,chair,ID-CHA-007,0.90284729,3,920.0
173,4255.0,4.406280756,5745.0,sofa,ID-SOF-025,0.932037473,1,1445.0
173,4255.0,4.406280756,5745.0,table,ID-TAB-007,0.823227108,3,685.0
174,4400.0,4.406173826,5600.0,rug,ID-RUG-029,0.84338361,2,725.0
174,4400.0,4.406173826,5600.0,lamp,ID-LIG-013,0.904678345,3,625.0
174,4400.0,4.406173826,5600.0,chair,ID-CHA-007,0.90284729,3,920.0
174,4400.0,4.406173826,5600.0,sofa,ID-SOF-025,0.932037473,1,1445.0
174,4400.0,4.406173826,5600.0,table,ID-TAB-007,0.823227108,3,685.0
175,5655.0,4.406143307,4345.0,rug,ID-RUG-029,0.84338361,2,725.0
175,5655.0,4.406143307,4345.0,lamp,ID-LIG-018,0.904785275,2,480.0
175,5655.0,4.406143307,4345.0,chair,ID-CHA-007,0.90284729,3,920.0
175,5655.0,4.406143307,4345.0,sofa,ID-SOF-014,0.928146422,2,2495.0
175,5655.0,4.406143307,4345.0,table,ID-NIG-001,0.82698071,1,1035.0
176,5655.0,4.406143307,4345.0,rug,ID-RUG-029,0.84338361,2,725.0
176,5655.0,4.406143307,4345.0,lamp,ID-LIG-018,0.904785275,2,480.0
176,5655.0,4.406143307,4345.0,chair,ID-CHA-007,0.90284729,3,920.0
176,5655.0,4.406143307,4345.0,sofa,ID-SOF-014,0.928146422,2,2495.0
176,5655.0,4.406143307,4345.0,table,ID-TAB-008,0.82698071,2,1035.0
177,5800.0,4.4060363769999995,4200.0,rug,ID-RUG-029,0.84338361,2,725.0
177,5800.0,4.4060363769999995,4200.0,lamp,ID-LIG-013,0.904678345,3,625.0
177,5800.0,4.4060363769999995,4200.0,chair,ID-CHA-007,0.90284729,3,920.0
177,5800.0,4.4060363769999995,4200.0,sofa,ID-SOF-014,0.928146422,2,2495.0
177,5800.0,4.4060363769999995,4200.0,table,ID-NIG-001,0.82698071,1,1035.0
178,5800.0,4.4060363769999995,4200.0,rug,ID-RUG-029,0.84338361,2,725.0
178,5800.0,4.4060363769999995,4200.0,lamp,ID-LIG-013,0.904678345,3,625.0
178,5800.0,4.4060363769999995,4200.0,chair,ID-CHA-007,0.90284729,3,920.0
178,5800.0,4.4060363769999995,4200.0,sofa,ID-SOF-014,0.928146422,2,2495.0
178,5800.0,4.4060363769999995,4200.0,table,ID-TAB-008,0.82698071,2,1035.0
179,4805.0,4.405929684,5195.0,rug,ID-RUG-029,0.84338361,2,725.0
179,4805.0,4.405929684,5195.0,lamp,ID-LIG-018,0.904785275,2,480.0
179,4805.0,4.405929684,5195.0,chair,ID-CHA-007,0.90284729,3,920.0
179,4805.0,4.405929684,5195.0,sofa,ID-SOF-026,0.927932799,3,1645.0
179,4805.0,4.405929684,5195.0,table,ID-NIG-001,0.82698071,1,1035.0
180,4805.0,4.405929684,5195.0,rug,ID-RUG-029,0.84338361,2,725.0
180,4805.0,4.405929684,5195.0,lamp,ID-LIG-018,0.904785275,2,480.0
180,4805.0,4.405929684,5195.0,chair,ID-CHA-007,0.90284729,3,920.0
180,4805.0,4.405929684,5195.0,sofa,ID-SOF-026,0.927932799,3,1645.0
180,4805.0,4.405929684,5195.0,table,ID-TAB-008,0.82698071,2,1035.0
181,4950.0,4.405822754,5050.0,rug,ID-RUG-029,0.84338361,2,725.0
181,4950.0,4.405822754,5050.0,lamp,ID-LIG-013,0.904678345,3,625.0
181,4950.0,4.405822754,5050.0,chair,ID-CHA-007,0.90284729,3,920.0
181,4950.0,4.405822754,5050.0,sofa,ID-SOF-026,0.927932799,3,1645.0
181,4950.0,4.405822754,5050.0,table,ID-NIG-001,0.82698071,1,1035.0
182,4950.0,4.405822754,5050.0,rug,ID-RUG-029,0.84338361,2,725.0
182,4950.0,4.405822754,5050.0,lamp,ID-LIG-013,0.904678345,3,625.0
182,4950.0,4.405822754,5050.0,chair,ID-CHA-007,0.90284729,3,920.0
182,4950.0,4.405822754,5050.0,sofa,ID-SOF-026,0.927932799,3,1645.0
182,4950.0,4.405822754,5050.0,table,ID-TAB-008,0.82698071,2,1035.0
183,4150.0,4.405762137,5850.0,rug,ID-RUG-016,0.83682251,3,720.0
183,4150.0,4.405762137,5850.0,lamp,ID-LIG-018,0.904785275,2,480.0
183,4150.0,4.405762137,5850.0,chair,ID-CHA-010,0.908889771,1,820.0
183,4150.0,4.405762137,5850.0,sofa,ID-SOF-025,0.932037473,1,1445.0
183,4150.0,4.405762137,5850.0,table,ID-TAB-007,0.823227108,3,685.0
184,4925.0,4.405716366,5075.0,rug,ID-RUG-016,0.83682251,3,720.0
184,4925.0,4.405716366,5075.0,lamp,ID-LIG-018,0.904785275,2,480.0
184,4925.0,4.405716366,5075.0,chair,ID-CHA-031,0.908844,2,1595.0
184,4925.0,4.405716366,5075.0,sofa,ID-SOF-025,0.932037473,1,1445.0
184,4925.0,4.405716366,5075.0,table,ID-TAB-007,0.823227108,3,685.0
185,4295.0,4.405655207,5705.0,rug,ID-RUG-016,0.83682251,3,720.0
185,4295.0,4.405655207,5705.0,lamp,ID-LIG-013,0.904678345,3,625.0
185,4295.0,4.405655207,5705.0,chair,ID-CHA-010,0.908889771,1,820.0
185,4295.0,4.405655207,5705.0,sofa,ID-SOF-025,0.932037473,1,1445.0
185,4295.0,4.405655207,5705.0,table,ID-TAB-007,0.823227108,3,685.0
186,5550.0,4.405624688,4450.0,rug,ID-RUG-016,0.83682251,3,720.0
186,5550.0,4.405624688,4450.0,lamp,ID-LIG-018,0.904785275,2,480.0
186,5550.0,4.405624688,4450.0,chair,ID-CHA-010,0.908889771,1,820.0
186,5550.0,4.405624688,4450.0,sofa,ID-SOF-014,0.928146422,2,2495.0
186,5550.0,4.405624688,4450.0,table,ID-NIG-001,0.82698071,1,1035.0
187,5550.0,4.405624688,4450.0,rug,ID-RUG-016,0.83682251,3,720.0
187,5550.0,4.405624688,4450.0,lamp,ID-LIG-018,0.904785275,2,480.0
187,5550.0,4.405624688,4450.0,chair,ID-CHA-010,0.908889771,1,820.0
187,5550.0,4.405624688,4450.0,sofa,ID-SOF-014,0.928146422,2,2495.0
187,5550.0,4.405624688,4450.0,table,ID-TAB-008,0.82698071,2,1035.0
188,5070.0,4.405609436,4930.0,rug,ID-RUG-016,0.83682251,3,720.0
188,5070.0,4.405609436,4930.0,lamp,ID-LIG-013,0.904678345,3,625.0
188,5070.0,4.405609436,4930.0,chair,ID-CHA-031,0.908844,2,1595.0
188,5070.0,4.405609436,4930.0,sofa,ID-SOF-025,0.932037473,1,1445.0
188,5070.0,4.405609436,4930.0,table,ID-TAB-007,0.823227108,3,685.0
189,6325.0,4.405578917,3675.0,rug,ID-RUG-016,0.83682251,3,720.0
189,6325.0,4.405578917,3675.0,lamp,ID-LIG-018,0.904785275,2,480.0
189,6325.0,4.405578917,3675.0,chair,ID-CHA-031,0.908844,2,1595.0
189,6325.0,4.405578917,3675.0,sofa,ID-SOF-014,0.928146422,2,2495.0
189,6325.0,4.405578917,3675.0,table,ID-NIG-001,0.82698071,1,1035.0
190,6325.0,4.405578917,3675.0,rug,ID-RUG-016,0.83682251,3,720.0
190,6325.0,4.405578917,3675.0,lamp,ID-LIG-018,0.904785275,2,480.0
190,6325.0,4.405578917,3675.0,chair,ID-CHA-031,0.908844,2,1595.0
190,6325.0,4.405578917,3675.0,sofa,ID-SOF-014,0.928146422,2,2495.0
190,6325.0,4.405578917,3675.0,table,ID-TAB-008,0.82698071,2,1035.0
191,5695.0,4.405517758,4305.0,rug,ID-RUG-016,0.83682251,3,720.0
191,5695.0,4.405517758,4305.0,lamp,ID-LIG-013,0.904678345,3,625.0
191,5695.0,4.405517758,4305.0,chair,ID-CHA-010,0.908889771,1,820.0
191,5695.0,4.405517758,4305.0,sofa,ID-SOF-014,0.928146422,2,2495.0
191,5695.0,4.405517758,4305.0,table,ID-NIG-001,0.82698071,1,1035.0
192,5695.0,4.405517758,4305.0,rug,ID-RUG-016,0.83682251,3,720.0
192,5695.0,4.405517758,4305.0,lamp,ID-LIG-013,0.904678345,3,625.0
192,5695.0,4.405517758,4305.0,chair,ID-CHA-010,0.908889771,1,820.0
192,5695.0,4.405517758,4305.0,sofa,ID-SOF-014,0.928146422,2,2495.0
192,5695.0,4.405517758,4305.0,table,ID-TAB-008,0.82698071,2,1035.0
193,6470.0,4.405471987,3530.0,rug,ID-RUG-016,0.83682251,3,720.0
193,6470.0,4.405471987,3530.0,lamp,ID-LIG-013,0.904678345,3,625.0
193,6470.0,4.405471987,3530.0,chair,ID-CHA-031,0.908844,2,1595.0
193,6470.0,4.405471987,3530.0,sofa,ID-SOF-014,0.928146422,2,2495.0
193,6470.0,4.405471987,3530.0,table,ID-NIG-001,0.82698071,1,1035.0
194,6470.0,4.405471987,3530.0,rug,ID-RUG-016,0.83682251,3,720.0
194,6470.0,4.405471987,3530.0,lamp,ID-LIG-013,0.904678345,3,625.0
194,6470.0,4.405471987,3530.0,chair,ID-CHA-031,0.908844,2,1595.0
194,6470.0,4.405471987,3530.0,sofa,ID-SOF-014,0.928146422,2,2495.0
194,6470.0,4.405471987,3530.0,table,ID-TAB-008,0.82698071,2,1035.0
195,4700.0,4.405411065,5300.0,rug,ID-RUG-016,0.83682251,3,720.0
195,4700.0,4.405411065,5300.0,lamp,ID-LIG-018,0.904785275,2,480.0
195,4700.0,4.405411065,5300.0,chair,ID-CHA-010,0.908889771,1,820.0
195,4700.0,4.405411065,5300.0,sofa,ID-SOF-026,0.927932799,3,1645.0
195,4700.0,4.405411065,5300.0,table,ID-NIG-001,0.82698071,1,1035.0
196,4700.0,4.405411065,5300.0,rug,ID-RUG-016,0.83682251,3,720.0
196,4700.0,4.405411065,5300.0,lamp,ID-LIG-018,0.904785275,2,480.0
196,4700.0,4.405411065,5300.0,chair,ID-CHA-010,0.908889771,1,820.0
196,4700.0,4.405411065,5300.0,sofa,ID-SOF-026,0.927932799,3,1645.0
196,4700.0,4.405411065,5300.0,table,ID-TAB-008,0.82698071,2,1035.0
197,5475.0,4.405365294,4525.0,rug,ID-RUG-016,0.83682251,3,720.0
197,5475.0,4.405365294,4525.0,lamp,ID-LIG-018,0.904785275,2,480.0
197,5475.0,4.405365294,4525.0,chair,ID-CHA-031,0.908844,2,1595.0
197,5475.0,4.405365294,4525.0,sofa,ID-SOF-026,0.927932799,3,1645.0
197,5475.0,4.405365294,4525.0,table,ID-NIG-001,0.82698071,1,1035.0
198,5475.0,4.405365294,4525.0,rug,ID-RUG-016,0.83682251,3,720.0
198,5475.0,4.405365294,4525.0,lamp,ID-LIG-018,0.904785275,2,480.0
198,5475.0,4.405365294,4525.0,chair,ID-CHA-031,0.908844,2,1595.0
198,5475.0,4.405365294,4525.0,sofa,ID-SOF-026,0.927932799,3,1645.0
198,5475.0,4.405365294,4525.0,table,ID-TAB-008,0.82698071,2,1035.0
199,4845.0,4.405304135,5155.0,rug,ID-RUG-016,0.83682251,3,720.0
199,4845.0,4.405304135,5155.0,lamp,ID-LIG-013,0.904678345,3,625.0
199,4845.0,4.405304135,5155.0,chair,ID-CHA-010,0.908889771,1,820.0
199,4845.0,4.405304135,5155.0,sofa,ID-SOF-026,0.927932799,3,1645.0
199,4845.0,4.405304135,5155.0,table,ID-NIG-001,0.82698071,1,1035.0
200,4845.0,4.405304135,5155.0,rug,ID-RUG-016,0.83682251,3,720.0
200,4845.0,4.405304135,5155.0,lamp,ID-LIG-013,0.904678345,3,625.0
200,4845.0,4.405304135,5155.0,chair,ID-CHA-010,0.908889771,1,820.0
200,4845.0,4.405304135,5155.0,sofa,ID-SOF-026,0.927932799,3,1645.0
200,4845.0,4.405304135,5155.0,table,ID-TAB-008,0.82698071,2,1035.0
201,5620.0,4.405258364,4380.0,rug,ID-RUG-016,0.83682251,3,720.0
201,5620.0,4.405258364,4380.0,lamp,ID-LIG-013,0.904678345,3,625.0
201,5620.0,4.405258364,4380.0,chair,ID-CHA-031,0.908844,2,1595.0
201,5620.0,4.405258364,4380.0,sofa,ID-SOF-026,0.927932799,3,1645.0
201,5620.0,4.405258364,4380.0,table,ID-NIG-001,0.82698071,1,1035.0
202,5620.0,4.405258364,4380.0,rug,ID-RUG-016,0.83682251,3,720.0
202,5620.0,4.405258364,4380.0,lamp,ID-LIG-013,0.904678345,3,625.0
202,5620.0,4.405258364,4380.0,chair,ID-CHA-031,0.908844,2,1595.0
202,5620.0,4.405258364,4380.0,sofa,ID-SOF-026,0.927932799,3,1645.0
202,5620.0,4.405258364,4380.0,table,ID-TAB-008,0.82698071,2,1035.0
203,7420.0,4.404770136000001,2580.0,rug,ID-RUG-007,0.845764041,1,2840.0
203,7420.0,4.404770136000001,2580.0,lamp,ID-LIG-018,0.904785275,2,480.0
203,7420.0,4.404770136000001,2580.0,chair,ID-CHA-007,0.90284729,3,920.0
203,7420.0,4.404770136000001,2580.0,sofa,ID-SOF-014,0.928146422,2,2495.0
203,7420.0,4.404770136000001,2580.0,table,ID-TAB-007,0.823227108,3,685.0
204,7565.0,4.404663206,2435.0,rug,ID-RUG-007,0.845764041,1,2840.0
204,7565.0,4.404663206,2435.0,lamp,ID-LIG-013,0.904678345,3,625.0
204,7565.0,4.404663206,2435.0,chair,ID-CHA-007,0.90284729,3,920.0
204,7565.0,4.404663206,2435.0,sofa,ID-SOF-014,0.928146422,2,2495.0
204,7565.0,4.404663206,2435.0,table,ID-TAB-007,0.823227108,3,685.0
205,4410.0,4.404648245,5590.0,rug,ID-RUG-016,0.83682251,3,720.0
205,4410.0,4.404648245,5590.0,lamp,ID-LIG-020,0.909713864,1,640.0
205,4410.0,4.404648245,5590.0,chair,ID-CHA-007,0.90284729,3,920.0
205,4410.0,4.404648245,5590.0,sofa,ID-SOF-025,0.932037473,1,1445.0
205,4410.0,4.404648245,5590.0,table,ID-TAB-007,0.823227108,3,685.0
206,6570.0,4.404556513,3430.0,rug,ID-RUG-007,0.845764041,1,2840.0
206,6570.0,4.404556513,3430.0,lamp,ID-LIG-018,0.904785275,2,480.0
206,6570.0,4.404556513,3430.0,chair,ID-CHA-007,0.90284729,3,920.0
206,6570.0,4.404556513,3430.0,sofa,ID-SOF-026,0.927932799,3,1645.0
206,6570.0,4.404556513,3430.0,table,ID-TAB-007,0.823227108,3,685.0
207,5810.0,4.404510796,4190.0,rug,ID-RUG-016,0.83682251,3,720.0
207,5810.0,4.404510796,4190.0,lamp,ID-LIG-020,0.909713864,1,640.0
207,5810.0,4.404510796,4190.0,chair,ID-CHA-007,0.90284729,3,920.0
207,5810.0,4.404510796,4190.0,sofa,ID-SOF-014,0.928146422,2,2495.0
207,5810.0,4.404510796,4190.0,table,ID-NIG-001,0.82698071,1,1035.0
208,5810.0,4.404510796,4190.0,rug,ID-RUG-016,0.83682251,3,720.0
208,5810.0,4.404510796,4190.0,lamp,ID-LIG-020,0.909713864,1,640.0
208,5810.0,4.404510796,4190.0,chair,ID-CHA-007,0.90284729,3,920.0
208,5810.0,4.404510796,4190.0,sofa,ID-SOF-014,0.928146422,2,2495.0
208,5810.0,4.404510796,4190.0,table,ID-TAB-008,0.82698071,2,1035.0
209,6715.0,4.404449583,3285.0,rug,ID-RUG-007,0.845764041,1,2840.0
209,6715.0,4.404449583,3285.0,lamp,ID-LIG-013,0.904678345,3,625.0
209,6715.0,4.404449583,3285.0,chair,ID-CHA-007,0.90284729,3,920.0
209,6715.0,4.404449583,3285.0,sofa,ID-SOF-026,0.927932799,3,1645.0
209,6715.0,4.404449583,3285.0,table,ID-TAB-007,0.823227108,3,685.0
210,4960.0,4.404297173,5040.0,rug,ID-RUG-016,0.83682251,3,720.0
210,4960.0,4.404297173,5040.0,lamp,ID-LIG-020,0.909713864,1,640.0
210,4960.0,4.404297173,5040.0,chair,ID-CHA-007,0.90284729,3,920.0
210,4960.0,4.404297173,5040.0,sofa,ID-SOF-026,0.927932799,3,1645.0
210,4960.0,4.404297173,5040.0,table,ID-NIG-001,0.82698071,1,1035.0
211,4960.0,4.404297173,5040.0,rug,ID-RUG-016,0.83682251,3,720.0
211,4960.0,4.404297173,5040.0,lamp,ID-LIG-020,0.909713864,1,640.0
211,4960.0,4.404297173,5040.0,chair,ID-CHA-007,0.90284729,3,920.0
211,4960.0,4.404297173,5040.0,sofa,ID-SOF-026,0.927932799,3,1645.0
211,4960.0,4.404297173,5040.0,table,ID-TAB-008,0.82698071,2,1035.0
212,4600.0,4.403473258,5400.0,rug,ID-RUG-016,0.83682251,3,720.0
212,4600.0,4.403473258,5400.0,lamp,ID-LIG-018,0.904785275,2,480.0
212,4600.0,4.403473258,5400.0,chair,ID-CHA-007,0.90284729,3,920.0
212,4600.0,4.403473258,5400.0,sofa,ID-SOF-025,0.932037473,1,1445.0
212,4600.0,4.403473258,5400.0,table,ID-NIG-001,0.82698071,1,1035.0
213,4600.0,4.403473258,5400.0,rug,ID-RUG-016,0.83682251,3,720.0
213,4600.0,4.403473258,5400.0,lamp,ID-LIG-018,0.904785275,2,480.0
213,4600.0,4.403473258,5400.0,chair,ID-CHA-007,0.90284729,3,920.0
213,4600.0,4.403473258,5400.0,sofa,ID-SOF-025,0.932037473,1,1445.0
213,4600.0,4.403473258,5400.0,table,ID-TAB-008,0.82698071,2,1035.0
214,4745.0,4.403366328,5255.0,rug,ID-RUG-016,0.83682251,3,720.0
214,4745.0,4.403366328,5255.0,lamp,ID-LIG-013,0.904678345,3,625.0
214,4745.0,4.403366328,5255.0,chair,ID-CHA-007,0.90284729,3,920.0
214,4745.0,4.403366328,5255.0,sofa,ID-SOF-025,0.932037473,1,1445.0
214,4745.0,4.403366328,5255.0,table,ID-NIG-001,0.82698071,1,1035.0
215,4745.0,4.403366328,5255.0,rug,ID-RUG-016,0.83682251,3,720.0
215,4745.0,4.403366328,5255.0,lamp,ID-LIG-013,0.904678345,3,625.0
215,4745.0,4.403366328,5255.0,chair,ID-CHA-007,0.90284729,3,920.0
215,4745.0,4.403366328,5255.0,sofa,ID-SOF-025,0.932037473,1,1445.0
215,4745.0,4.403366328,5255.0,table,ID-TAB-008,0.82698071,2,1035.0
216,5305.0,4.402389705,4695.0,rug,ID-RUG-029,0.84338361,2,725.0
216,5305.0,4.402389705,4695.0,lamp,ID-LIG-018,0.904785275,2,480.0
216,5305.0,4.402389705,4695.0,chair,ID-CHA-007,0.90284729,3,920.0
216,5305.0,4.402389705,4695.0,sofa,ID-SOF-014,0.928146422,2,2495.0
216,5305.0,4.402389705,4695.0,table,ID-TAB-007,0.823227108,3,685.0
217,5450.0,4.402282775,4550.0,rug,ID-RUG-029,0.84338361,2,725.0
217,5450.0,4.402282775,4550.0,lamp,ID-LIG-013,0.904678345,3,625.0
217,5450.0,4.402282775,4550.0,chair,ID-CHA-007,0.90284729,3,920.0
217,5450.0,4.402282775,4550.0,sofa,ID-SOF-014,0.928146422,2,2495.0
217,5450.0,4.402282775,4550.0,table,ID-TAB-007,0.823227108,3,685.0
218,4455.0,4.402176082,5545.0,rug,ID-RUG-029,0.84338361,2,725.0
218,4455.0,4.402176082,5545.0,lamp,ID-LIG-018,0.904785275,2,480.0
218,4455.0,4.402176082,5545.0,chair,ID-CHA-007,0.90284729,3,920.0
218,4455.0,4.402176082,5545.0,sofa,ID-SOF-026,0.927932799,3,1645.0
218,4455.0,4.402176082,5545.0,table,ID-TAB-007,0.823227108,3,685.0
219,4600.0,4.402069152,5400.0,rug,ID-RUG-029,0.84338361,2,725.0
219,4600.0,4.402069152,5400.0,lamp,ID-LIG-013,0.904678345,3,625.0
219,4600.0,4.402069152,5400.0,chair,ID-CHA-007,0.90284729,3,920.0
219,4600.0,4.402069152,5400.0,sofa,ID-SOF-026,0.927932799,3,1645.0
219,4600.0,4.402069152,5400.0,table,ID-TAB-007,0.823227108,3,685.0
220,5200.0,4.401871086,4800.0,rug,ID-RUG-016,0.83682251,3,720.0
220,5200.0,4.401871086,4800.0,lamp,ID-LIG-018,0.904785275,2,480.0
220,5200.0,4.401871086,4800.0,chair,ID-CHA-010,0.908889771,1,820.0
220,5200.0,4.401871086,4800.0,sofa,ID-SOF-014,0.928146422,2,2495.0
220,5200.0,4.401871086,4800.0,table,ID-TAB-007,0.823227108,3,685.0
221,5975.0,4.401825315,4025.0,rug,ID-RUG-016,0.83682251,3,720.0
221,5975.0,4.401825315,4025.0,lamp,ID-LIG-018,0.904785275,2,480.0
221,5975.0,4.401825315,4025.0,chair,ID-CHA-031,0.908844,2,1595.0
221,5975.0,4.401825315,4025.0,sofa,ID-SOF-014,0.928146422,2,2495.0
221,5975.0,4.401825315,4025.0,table,ID-TAB-007,0.823227108,3,685.0
222,5345.0,4.4017641560000005,4655.0,rug,ID-RUG-016,0.83682251,3,720.0
222,5345.0,4.4017641560000005,4655.0,lamp,ID-LIG-013,0.904678345,3,625.0
222,5345.0,4.4017641560000005,4655.0,chair,ID-CHA-010,0.908889771,1,820.0
222,5345.0,4.4017641560000005,4655.0,sofa,ID-SOF-014,0.928146422,2,2495.0
222,5345.0,4.4017641560000005,4655.0,table,ID-TAB-007,0.823227108,3,685.0
223,6120.0,4.401718385000001,3880.0,rug,ID-RUG-016,0.83682251,3,720.0
223,6120.0,4.401718385000001,3880.0,lamp,ID-LIG-013,0.904678345,3,625.0
223,6120.0,4.401718385000001,3880.0,chair,ID-CHA-031,0.908844,2,1595.0
223,6120.0,4.401718385000001,3880.0,sofa,ID-SOF-014,0.928146422,2,2495.0
223,6120.0,4.401718385000001,3880.0,table,ID-TAB-007,0.823227108,3,685.0
224,4350.0,4.401657463,5650.0,rug,ID-RUG-016,0.83682251,3,720.0
224,4350.0,4.401657463,5650.0,lamp,ID-LIG-018,0.904785275,2,480.0
224,4350.0,4.401657463,5650.0,chair,ID-CHA-010,0.908889771,1,820.0
224,4350.0,4.401657463,5650.0,sofa,ID-SOF-026,0.927932799,3,1645.0
224,4350.0,4.401657463,5650.0,table,ID-TAB-007,0.823227108,3,685.0
225,5125.0,4.401611692,4875.0,rug,ID-RUG-016,0.83682251,3,720.0
225,5125.0,4.401611692,4875.0,lamp,ID-LIG-018,0.904785275,2,480.0
225,5125.0,4.401611692,4875.0,chair,ID-CHA-031,0.908844,2,1595.0
225,5125.0,4.401611692,4875.0,sofa,ID-SOF-026,0.927932799,3,1645.0
225,5125.0,4.401611692,4875.0,table,ID-TAB-007,0.823227108,3,685.0
226,4495.0,4.401550533,5505.0,rug,ID-RUG-016,0.83682251,3,720.0
226,4495.0,4.401550533,5505.0,lamp,ID-LIG-013,0.904678345,3,625.0
226,4495.0,4.401550533,5505.0,chair,ID-CHA-010,0.908889771,1,820.0
226,4495.0,4.401550533,5505.0,sofa,ID-SOF-026,0.927932799,3,1645.0
226,4495.0,4.401550533,5505.0,table,ID-TAB-007,0.823227108,3,685.0
227,5270.0,4.401504762,4730.0,rug,ID-RUG-016,0.83682251,3,720.0
227,5270.0,4.401504762,4730.0,lamp,ID-LIG-013,0.904678345,3,625.0
227,5270.0,4.401504762,4730.0,chair,ID-CHA-031,0.908844,2,1595.0
227,5270.0,4.401504762,4730.0,sofa,ID-SOF-026,0.927932799,3,1645.0
227,5270.0,4.401504762,4730.0,table,ID-TAB-007,0.823227108,3,685.0
228,5460.0,4.4007571940000005,4540.0,rug,ID-RUG-016,0.83682251,3,720.0
228,5460.0,4.4007571940000005,4540.0,lamp,ID-LIG-020,0.909713864,1,640.0
228,5460.0,4.4007571940000005,4540.0,chair,ID-CHA-007,0.90284729,3,920.0
228,5460.0,4.4007571940000005,4540.0,sofa,ID-SOF-014,0.928146422,2,2495.0
228,5460.0,4.4007571940000005,4540.0,table,ID-TAB-007,0.823227108,3,685.0
229,4610.0,4.400543571,5390.0,rug,ID-RUG-016,0.83682251,3,720.0
229,4610.0,4.400543571,5390.0,lamp,ID-LIG-020,0.909713864,1,640.0
229,4610.0,4.400543571,5390.0,chair,ID-CHA-007,0.90284729,3,920.0
229,4610.0,4.400543571,5390.0,sofa,ID-SOF-026,0.927932799,3,1645.0
229,4610.0,4.400543571,5390.0,table,ID-TAB-007,0.823227108,3,685.0
230,4250.0,4.399719655999999,5750.0,rug,ID-RUG-016,0.83682251,3,720.0
230,4250.0,4.399719655999999,5750.0,lamp,ID-LIG-018,0.904785275,2,480.0
230,4250.0,4.399719655999999,5750.0,chair,ID-CHA-007,0.90284729,3,920.0
230,4250.0,4.399719655999999,5750.0,sofa,ID-SOF-025,0.932037473,1,1445.0
230,4250.0,4.399719655999999,5750.0,table,ID-TAB-007,0.823227108,3,685.0
231,4395.0,4.399612726,5605.0,rug,ID-RUG-016,0.83682251,3,720.0
231,4395.0,4.399612726,5605.0,lamp,ID-LIG-013,0.904678345,3,625.0
231,4395.0,4.399612726,5605.0,chair,ID-CHA-007,0.90284729,3,920.0
231,4395.0,4.399612726,5605.0,sofa,ID-SOF-025,0.932037473,1,1445.0
231,4395.0,4.399612726,5605.0,table,ID-TAB-007,0.823227108,3,685.0
232,5650.0,4.399582207,4350.0,rug,ID-RUG-016,0.83682251,3,720.0
232,5650.0,4.399582207,4350.0,lamp,ID-LIG-018,0.904785275,2,480.0
232,5650.0,4.399582207,4350.0,chair,ID-CHA-007,0.90284729,3,920.0
232,5650.0,4.399582207,4350.0,sofa,ID-SOF-014,0.928146422,2,2495.0
232,5650.0,4.399582207,4350.0,table,ID-NIG-001,0.82698071,1,1035.0
233,5650.0,4.399582207,4350.0,rug,ID-RUG-016,0.83682251,3,720.0
233,5650.0,4.399582207,4350.0,lamp,ID-LIG-018,0.904785275,2,480.0
233,5650.0,4.399582207,4350.0,chair,ID-CHA-007,0.90284729,3,920.0
233,5650.0,4.399582207,4350.0,sofa,ID-SOF-014,0.928146422,2,2495.0
233,5650.0,4.399582207,4350.0,table,ID-TAB-008,0.82698071,2,1035.0
234,5795.0,4.399475277,4205.0,rug,ID-RUG-016,0.83682251,3,720.0
234,5795.0,4.399475277,4205.0,lamp,ID-LIG-013,0.904678345,3,625.0
234,5795.0,4.399475277,4205.0,chair,ID-CHA-007,0.90284729,3,920.0
234,5795.0,4.399475277,4205.0,sofa,ID-SOF-014,0.928146422,2,2495.0
234,5795.0,4.399475277,4205.0,table,ID-NIG-001,0.82698071,1,1035.0
235,5795.0,4.399475277,4205.0,rug,ID-RUG-016,0.83682251,3,720.0
235,5795.0,4.399475277,4205.0,lamp,ID-LIG-013,0.904678345,3,625.0
235,5795.0,4.399475277,4205.0,chair,ID-CHA-007,0.90284729,3,920.0
235,5795.0,4.399475277,4205.0,sofa,ID-SOF-014,0.928146422,2,2495.0
235,5795.0,4.399475277,4205.0,table,ID-TAB-008,0.82698071,2,1035.0
236,4800.0,4.399368583999999,5200.0,rug,ID-RUG-016,0.83682251,3,720.0
236,4800.0,4.399368583999999,5200.0,lamp,ID-LIG-018,0.904785275,2,480.0
236,4800.0,4.399368583999999,5200.0,chair,ID-CHA-007,0.90284729,3,920.0
236,4800.0,4.399368583999999,5200.0,sofa,ID-SOF-026,0.927932799,3,1645.0
236,4800.0,4.399368583999999,5200.0,table,ID-NIG-001,0.82698071,1,1035.0
237,4800.0,4.399368583999999,5200.0,rug,ID-RUG-016,0.83682251,3,720.0
237,4800.0,4.399368583999999,5200.0,lamp,ID-LIG-018,0.904785275,2,480.0
237,4800.0,4.399368583999999,5200.0,chair,ID-CHA-007,0.90284729,3,920.0
237,4800.0,4.399368583999999,5200.0,sofa,ID-SOF-026,0.927932799,3,1645.0
237,4800.0,4.399368583999999,5200.0,table,ID-TAB-008,0.82698071,2,1035.0
238,4945.0,4.399261654,5055.0,rug,ID-RUG-016,0.83682251,3,720.0
238,4945.0,4.399261654,5055.0,lamp,ID-LIG-013,0.904678345,3,625.0
238,4945.0,4.399261654,5055.0,chair,ID-CHA-007,0.90284729,3,920.0
238,4945.0,4.399261654,5055.0,sofa,ID-SOF-026,0.927932799,3,1645.0
238,4945.0,4.399261654,5055.0,table,ID-NIG-001,0.82698071,1,1035.0
239,4945.0,4.399261654,5055.0,rug,ID-RUG-016,0.83682251,3,720.0
239,4945.0,4.399261654,5055.0,lamp,ID-LIG-013,0.904678345,3,625.0
239,4945.0,4.399261654,5055.0,chair,ID-CHA-007,0.90284729,3,920.0
239,4945.0,4.399261654,5055.0,sofa,ID-SOF-026,0.927932799,3,1645.0
239,4945.0,4.399261654,5055.0,table,ID-TAB-008,0.82698071,2,1035.0
240,5300.0,4.395828605,4700.0,rug,ID-RUG-016,0.83682251,3,720.0
240,5300.0,4.395828605,4700.0,lamp,ID-LIG-018,0.904785275,2,480.0
240,5300.0,4.395828605,4700.0,chair,ID-CHA-007,0.90284729,3,920.0
240,5300.0,4.395828605,4700.0,sofa,ID-SOF-014,0.928146422,2,2495.0
240,5300.0,4.395828605,4700.0,table,ID-TAB-007,0.823227108,3,685.0
241,5445.0,4.395721675,4555.0,rug,ID-RUG-016,0.83682251,3,720.0
241,5445.0,4.395721675,4555.0,lamp,ID-LIG-013,0.904678345,3,625.0
241,5445.0,4.395721675,4555.0,chair,ID-CHA-007,0.90284729,3,920.0
241,5445.0,4.395721675,4555.0,sofa,ID-SOF-014,0.928146422,2,2495.0
241,5445.0,4.395721675,4555.0,table,ID-TAB-007,0.823227108,3,685.0
242,4450.0,4.395614982,5550.0,rug,ID-RUG-016,0.83682251,3,720.0
242,4450.0,4.395614982,5550.0,lamp,ID-LIG-018,0.904785275,2,480.0
242,4450.0,4.395614982,5550.0,chair,ID-CHA-007,0.90284729,3,920.0
242,4450.0,4.395614982,5550.0,sofa,ID-SOF-026,0.927932799,3,1645.0
242,4450.0,4.395614982,5550.0,table,ID-TAB-007,0.823227108,3,685.0
243,4595.0,4.395508052,5405.0,rug,ID-RUG-016,0.83682251,3,720.0
243,4595.0,4.395508052,5405.0,lamp,ID-LIG-013,0.904678345,3,625.0
243,4595.0,4.395508052,5405.0,chair,ID-CHA-007,0.90284729,3,920.0
243,4595.0,4.395508052,5405.0,sofa,ID-SOF-026,0.927932799,3,1645.0
243,4595.0,4.395508052,5405.0,table,ID-TAB-007,0.823227108,3,685.0
